阶段ID	阶段	目标ID	目标	子主题及权重
student	还在读书	study_efficiency	提高学习效率	学习方法=10；专注与信息安排=8；作息与精力=5；计划、拖延与习惯=4
student	还在读书	graduation	决定毕业后做什么	成年后的道路=10；重大决定与取舍=9；技能与培训=6
student	还在读书	student_budget	省下生活费	固定开支=10；购买与消费=8；租房与买房=5
earlywork	刚开始工作	first_job	适应第一份工作	在职、离职与工伤=9；技能与培训=8；计划、拖延与习惯=5
earlywork	刚开始工作	save_money	省钱	固定开支=10；购买与消费=8；储蓄、投资与保险=5
earlywork	刚开始工作	save_time	省时间和精力	专注与信息安排=9；计划、拖延与习惯=8；作息与精力=6
working	工作生活比较稳定	save_time	省时间和精力	专注与信息安排=9；计划、拖延与习惯=8；作息与精力=6
working	工作生活比较稳定	career_next	决定下一步怎么走	重大决定与取舍=10；技能与培训=7；找工作=5
working	工作生活比较稳定	save_money	省钱	固定开支=10；购买与消费=8；储蓄、投资与保险=5
changing	准备换个方向	find_job	找到合适的工作	找工作=12；技能与培训=6
changing	准备换个方向	transition_budget	减少过渡期开支	固定开支=10；购买与消费=7；补贴与生活救助=6
changing	准备换个方向	transition_routine	安排好过渡期的生活	计划、拖延与习惯=8；作息与精力=7；专注与信息安排=6
family	要照顾家里人	care_family	减轻照顾家人的负担	就医与医疗消费=10；照护老人=8；养育与孩子上学=8
family	要照顾家里人	family_plan	做好家庭安排	养育与孩子上学=9；照护老人=8；租房与买房=6；重大决定与取舍=5
family	要照顾家里人	family_budget	减少家庭开支	固定开支=10；购买与消费=7；租房与买房=5
retired	退休或准备退休	stay_well	照顾好身体	疫苗与筛查=10；饮食、运动与烟酒=8；慢性病管理=6；作息与精力=5
retired	退休或准备退休	retirement_life	安排退休生活	饮食、运动与烟酒=8；相处、边界与支持=7；计划、拖延与习惯=6
retired	退休或准备退休	daily_budget	减少日常开支	固定开支=10；购买与消费=8
jobseeker	正在找工作	find_job	找到合适的工作	找工作=12；技能与培训=6
jobseeker	正在找工作	job_time	安排好求职时间	专注与信息安排=9；计划、拖延与习惯=7；作息与精力=6
jobseeker	正在找工作	daily_budget	减少日常开支	固定开支=10；购买与消费=8
any	都可以	save_money	省钱	固定开支=10；购买与消费=8；储蓄、投资与保险=5
any	都可以	save_time	省时间和精力	专注与信息安排=9；计划、拖延与习惯=8；作息与精力=6
any	都可以	make_decision	做一个重要决定	重大决定与取舍=10；成年后的道路=6；技能与培训=5
