原文ID	原文标题	章节	主要方面ID	主要方面	子主题ID	子主题	更关注阶段	通用候选	使用条件	钱	时间	毅力	收益	口径	分类依据
source-1-1	系安全带，前排后排都系	1	safety	安全与权益	accidents	出行与日常防护	还在读书、正在找工作、刚开始工作、工作生活比较稳定、准备换个方向、要照顾家里人、退休或准备退休	是		0	少	否	大	死亡率	产品编辑：逐条标题与章节上下文确认 → 出行与日常防护
source-1-2	骑摩托车、电动自行车戴头盔并扣好	1	safety	安全与权益	accidents	出行与日常防护	还在读书、正在找工作、刚开始工作、工作生活比较稳定、准备换个方向、要照顾家里人、退休或准备退休	是		少	少	否	大	死亡率	产品编辑：逐条标题与章节上下文确认 → 出行与日常防护
source-1-3	装烟雾报警器；冬天在室内烧煤、用燃气取暖的再装一氧化碳报警器	1	safety	安全与权益	accidents	出行与日常防护	还在读书、正在找工作、刚开始工作、工作生活比较稳定、准备换个方向、要照顾家里人、退休或准备退休	是		少	少	否	大	死亡率	产品编辑：逐条标题与章节上下文确认 → 出行与日常防护
source-1-4	燃气软管和灶具到期就换，不自己改管道，燃气公司上门推销可以直接拒绝	1	safety	安全与权益	accidents	出行与日常防护	还在读书、正在找工作、刚开始工作、工作生活比较稳定、准备换个方向、要照顾家里人、退休或准备退休	是		少	少	否	大	死亡率	产品编辑：逐条标题与章节上下文确认 → 出行与日常防护
source-1-5	不采、不买、不吃野生蘑菇，任何「土办法鉴别」都不成立	1	safety	安全与权益	accidents	出行与日常防护	还在读书、正在找工作、刚开始工作、工作生活比较稳定、准备换个方向、要照顾家里人、退休或准备退休	是		0	少	些	大	死亡率	产品编辑：逐条标题与章节上下文确认 → 出行与日常防护
source-1-6	电动自行车不推进楼道、不进电梯、不在家里充电	1	safety	安全与权益	accidents	出行与日常防护	还在读书、正在找工作、刚开始工作、工作生活比较稳定、准备换个方向、要照顾家里人、退休或准备退休	是		0	少	些	大	死亡率	产品编辑：逐条标题与章节上下文确认 → 出行与日常防护
source-1-7	量血压，高了就吃药降到达标	1	health	身体与就医	chronic	慢性病管理	还在读书、正在找工作、刚开始工作、工作生活比较稳定、准备换个方向、要照顾家里人、退休或准备退休	是		少	少	些	大	死亡率	产品编辑：逐条标题与章节上下文确认 → 慢性病管理
source-1-8	35 岁以后只要超重，就去查一次空腹血糖，正常也每三年再查	1	health	身体与就医	prevention	疫苗与筛查	还在读书、正在找工作、刚开始工作、工作生活比较稳定、准备换个方向、要照顾家里人、退休或准备退休	否	按原文年龄门槛判断适用性	少	少	否	中	死亡率	产品编辑：第 1 章主题 → 疫苗与筛查
source-1-9	开车不超速、不酒驾	1	safety	安全与权益	accidents	出行与日常防护	还在读书、正在找工作、刚开始工作、工作生活比较稳定、准备换个方向、要照顾家里人、退休或准备退休	否	原文涉及饮酒、驾驶或有车辆保险需求	0	少	些	大	死亡率	产品编辑：逐条标题与章节上下文确认 → 出行与日常防护
source-1-10	给 4 岁以下儿童用安全座椅，不要抱在怀里	1	safety	安全与权益	accidents	出行与日常防护	要照顾家里人	否	照顾未成年孩子	多	少	否	大	死亡率	产品编辑：逐条标题与章节上下文确认 → 出行与日常防护
source-1-11	家里有小孩就给窗户和阳台装限位器，纱窗不算防护	1	safety	安全与权益	accidents	出行与日常防护	还在读书、正在找工作、刚开始工作、工作生活比较稳定、准备换个方向、要照顾家里人、退休或准备退休	是		少	少	否	大	死亡率	产品编辑：逐条标题与章节上下文确认 → 出行与日常防护
source-1-12	儿童近水不离视线，划船、野泳穿救生衣	1	safety	安全与权益	accidents	出行与日常防护	要照顾家里人	否	照顾未成年孩子	少	中	否	大	死亡率	产品编辑：逐条标题与章节上下文确认 → 出行与日常防护
source-1-13	60 岁以上练平衡和腿部力量，改造家里的浴室和楼梯	1	health	身体与就医	lifestyle	饮食、运动与烟酒	要照顾家里人、退休或准备退休	否	原文涉及老年人	少	多	是	大	死亡率	产品编辑：逐条标题与章节上下文确认 → 饮食、运动与烟酒
source-1-14	查乙肝两对半，没有抗体就打疫苗	1	health	身体与就医	prevention	疫苗与筛查	还在读书、正在找工作、刚开始工作、工作生活比较稳定、准备换个方向、要照顾家里人、退休或准备退休	是		少	少	否	大	死亡率	产品编辑：第 1 章主题 → 疫苗与筛查
source-1-15	被铁钉、木刺扎到或者伤口沾了泥土，当天去处理，顺便问破伤风要不要打	1	safety	安全与权益	first_aid	紧急情况与急救	还在读书、正在找工作、刚开始工作、工作生活比较稳定、准备换个方向、要照顾家里人、退休或准备退休	是		少	少	否	大	死亡率	产品编辑：逐条标题与章节上下文确认 → 紧急情况与急救
source-1-16	女性接种 HPV 疫苗，越早越好	1	health	身体与就医	prevention	疫苗与筛查	还在读书、正在找工作、刚开始工作、工作生活比较稳定、准备换个方向、要照顾家里人、退休或准备退休	否	原文明确涉及女性健康	多	少	否	大	死亡率	产品编辑：第 1 章主题 → 疫苗与筛查
source-1-17	女性 40 岁起做乳腺癌筛查，每两年一次钼靶	1	health	身体与就医	prevention	疫苗与筛查	还在读书、正在找工作、刚开始工作、工作生活比较稳定、准备换个方向、要照顾家里人、退休或准备退休	否	原文明确涉及女性健康、按原文年龄门槛判断适用性	少	少	否	中	死亡率	产品编辑：第 1 章主题 → 疫苗与筛查
source-1-18	30 岁以上女性做宫颈癌筛查，优先 HPV 检测	1	health	身体与就医	prevention	疫苗与筛查	还在读书、正在找工作、刚开始工作、工作生活比较稳定、准备换个方向、要照顾家里人、退休或准备退休	否	原文明确涉及女性健康、按原文年龄门槛判断适用性	少	少	否	大	死亡率	产品编辑：第 1 章主题 → 疫苗与筛查
source-1-19	45 到 50 岁起做结直肠癌筛查，做查大便隐血的粪便免疫化学检测或者肠镜	1	health	身体与就医	prevention	疫苗与筛查	还在读书、正在找工作、刚开始工作、工作生活比较稳定、准备换个方向、要照顾家里人、退休或准备退休	否	按原文年龄门槛判断适用性	少	中	否	中	死亡率	产品编辑：第 1 章主题 → 疫苗与筛查
source-1-20	有心血管病的人和老年人每年打流感疫苗	1	health	身体与就医	prevention	疫苗与筛查	要照顾家里人、退休或准备退休	否	原文涉及老年人、原文有特定疾病、指标或既往史条件	少	少	否	大	死亡率	产品编辑：第 1 章主题 → 疫苗与筛查
source-1-21	50 岁以后打带状疱疹疫苗	1	health	身体与就医	prevention	疫苗与筛查	还在读书、正在找工作、刚开始工作、工作生活比较稳定、准备换个方向、要照顾家里人、退休或准备退休	否	按原文年龄门槛判断适用性	多	少	否	中	死亡率	产品编辑：第 1 章主题 → 疫苗与筛查
source-1-22	65 岁以上打肺炎球菌疫苗	1	health	身体与就医	prevention	疫苗与筛查	要照顾家里人、退休或准备退休	否	原文涉及老年人	少	少	否	中	死亡率	产品编辑：第 1 章主题 → 疫苗与筛查
source-1-23	查幽门螺杆菌，阳性就根除	1	health	身体与就医	prevention	疫苗与筛查	还在读书、正在找工作、刚开始工作、工作生活比较稳定、准备换个方向、要照顾家里人、退休或准备退休	是		少	少	些	大	死亡率	产品编辑：第 1 章主题 → 疫苗与筛查
source-1-24	重度吸烟者每年做一次低剂量胸部 CT	1	health	身体与就医	prevention	疫苗与筛查	还在读书、正在找工作、刚开始工作、工作生活比较稳定、准备换个方向、要照顾家里人、退休或准备退休	否	原文涉及吸烟或烟草暴露	少	少	否	大	死亡率	产品编辑：第 1 章主题 → 疫苗与筛查
source-1-25	抑郁或有自杀念头时打 12356，家里不囤安眠药和农药	1	health	身体与就医	mental_health	心理困扰与重大打击	还在读书、正在找工作、刚开始工作、工作生活比较稳定、准备换个方向、要照顾家里人、退休或准备退休	是		0	少	否	大	死亡率	产品编辑：逐条标题与章节上下文确认 → 心理困扰与重大打击
source-1-26	备齐灭火器、灭火毯、逃生呼吸面罩和急救包，每年检查一次	1	safety	安全与权益	accidents	出行与日常防护	还在读书、正在找工作、刚开始工作、工作生活比较稳定、准备换个方向、要照顾家里人、退休或准备退休	是		少	少	否	中	死亡率	产品编辑：逐条标题与章节上下文确认 → 出行与日常防护
source-1-27	尿里出现肉眼看得见的血，哪怕不疼、哪怕第二天就干净了，也要去查一次	1	health	身体与就医	care	就医与医疗消费	还在读书、正在找工作、刚开始工作、工作生活比较稳定、准备换个方向、要照顾家里人、退休或准备退休	是		少	中	否	小	死亡率	产品编辑：逐条标题与章节上下文确认 → 就医与医疗消费
source-1-28	勃起功能出了问题，先去查心血管，别当成单纯的「那方面的事」	1	health	身体与就医	care	就医与医疗消费	还在读书、正在找工作、刚开始工作、工作生活比较稳定、准备换个方向、要照顾家里人、退休或准备退休	是		少	中	否	中	死亡率	产品编辑：逐条标题与章节上下文确认 → 就医与医疗消费
source-1-29	减重、戒烟、把血压血糖控住，勃起功能能跟着好转	1	health	身体与就医	chronic	慢性病管理	还在读书、正在找工作、刚开始工作、工作生活比较稳定、准备换个方向、要照顾家里人、退休或准备退休	否	原文涉及吸烟或烟草暴露	0	多	是	小	死亡率	产品编辑：逐条标题与章节上下文确认 → 慢性病管理
source-1-30	性行为全程用安全套，不和别人共用针具	1	health	身体与就医	care	就医与医疗消费	还在读书、正在找工作、刚开始工作、工作生活比较稳定、准备换个方向、要照顾家里人、退休或准备退休	是		少	少	些	大	死亡率	产品编辑：逐条标题与章节上下文确认 → 就医与医疗消费
source-1-31	有过高危行为就去查一次艾滋病，疾控中心免费、结果保密	1	health	身体与就医	care	就医与医疗消费	还在读书、正在找工作、刚开始工作、工作生活比较稳定、准备换个方向、要照顾家里人、退休或准备退休	是		0	少	些	大	死亡率	产品编辑：逐条标题与章节上下文确认 → 就医与医疗消费
source-1-32	自杀念头一冒出来先告诉身边的一个人，把这几十分钟交出去	1	health	身体与就医	mental_health	心理困扰与重大打击	还在读书、正在找工作、刚开始工作、工作生活比较稳定、准备换个方向、要照顾家里人、退休或准备退休	是		0	少	些	大	死亡率	产品编辑：逐条标题与章节上下文确认 → 心理困扰与重大打击
source-1-33	别把「救回来」当成兜底：喝农药、吸煤气之后急诊能保住的是命，保不住肺和脑子	1	safety	安全与权益	first_aid	紧急情况与急救	还在读书、正在找工作、刚开始工作、工作生活比较稳定、准备换个方向、要照顾家里人、退休或准备退休	是		0	少	否	大	死亡率	产品编辑：逐条标题与章节上下文确认 → 紧急情况与急救
source-1-34	别拿「躺几天就好」赌高处坠落：进了创伤 ICU 的人多数活下来，代价按年算	1	safety	安全与权益	first_aid	紧急情况与急救	还在读书、正在找工作、刚开始工作、工作生活比较稳定、准备换个方向、要照顾家里人、退休或准备退休	是		0	少	否	大	死亡率	产品编辑：逐条标题与章节上下文确认 → 紧急情况与急救
source-1-35	别拿「少一个肾没什么」换钱：剩下那个要替两个干活，卖过肾的人事后 86% 说身体变差	1	safety	安全与权益	law_fraud	法律、诈骗与维权	还在读书、正在找工作、刚开始工作、工作生活比较稳定、准备换个方向、要照顾家里人、退休或准备退休	是		0	少	否	大	死亡率	产品编辑：逐条标题与章节上下文确认 → 法律、诈骗与维权
source-1-36	不捡、不拆、不卖来路不明的金属件，带三叶草警示标志的离远点	1	safety	安全与权益	accidents	出行与日常防护	还在读书、正在找工作、刚开始工作、工作生活比较稳定、准备换个方向、要照顾家里人、退休或准备退休	是		0	少	否	大	死亡率	产品编辑：逐条标题与章节上下文确认 → 出行与日常防护
source-2-1	戒烟，越早越好	2	health	身体与就医	lifestyle	饮食、运动与烟酒	还在读书、正在找工作、刚开始工作、工作生活比较稳定、准备换个方向、要照顾家里人、退休或准备退休	否	原文涉及吸烟或烟草暴露	0	少	是	大	死亡率	产品编辑：第 2 章主题 → 饮食、运动与烟酒
source-2-2	别在家里和车里抽烟，也别让客人在家里抽	2	health	身体与就医	lifestyle	饮食、运动与烟酒	还在读书、正在找工作、刚开始工作、工作生活比较稳定、准备换个方向、要照顾家里人、退休或准备退休	否	原文涉及吸烟或烟草暴露	0	少	些	大	死亡率	产品编辑：第 2 章主题 → 饮食、运动与烟酒
source-2-3	戒烟别光靠忍，先去拿药：成功率能翻一倍多	2	health	身体与就医	lifestyle	饮食、运动与烟酒	还在读书、正在找工作、刚开始工作、工作生活比较稳定、准备换个方向、要照顾家里人、退休或准备退休	否	原文涉及吸烟或烟草暴露	少	少	些	大	死亡率	产品编辑：第 2 章主题 → 饮食、运动与烟酒
source-2-4	定一个戒烟日，到那天一次停掉，别先慢慢减	2	health	身体与就医	lifestyle	饮食、运动与烟酒	还在读书、正在找工作、刚开始工作、工作生活比较稳定、准备换个方向、要照顾家里人、退休或准备退休	否	原文涉及吸烟或烟草暴露	0	少	是	中	死亡率	产品编辑：第 2 章主题 → 饮食、运动与烟酒
source-2-5	去戒烟门诊，或者打 12320 问当地有没有戒烟服务	2	health	身体与就医	lifestyle	饮食、运动与烟酒	还在读书、正在找工作、刚开始工作、工作生活比较稳定、准备换个方向、要照顾家里人、退休或准备退休	否	原文涉及吸烟或烟草暴露	少	中	些	大	死亡率	产品编辑：第 2 章主题 → 饮食、运动与烟酒
source-2-6	已经戒不掉再考虑电子烟，本来不吸烟的人别碰	2	health	身体与就医	lifestyle	饮食、运动与烟酒	还在读书、正在找工作、刚开始工作、工作生活比较稳定、准备换个方向、要照顾家里人、退休或准备退休	否	原文涉及吸烟或烟草暴露	少	少	些	中	死亡率	产品编辑：第 2 章主题 → 饮食、运动与烟酒
source-2-7	不喝含糖饮料，换成无糖的也不算解决	2	health	身体与就医	lifestyle	饮食、运动与烟酒	还在读书、正在找工作、刚开始工作、工作生活比较稳定、准备换个方向、要照顾家里人、退休或准备退休	是		0	少	些	大	死亡率	产品编辑：第 2 章主题 → 饮食、运动与烟酒
source-2-8	不嚼槟榔	2	health	身体与就医	lifestyle	饮食、运动与烟酒	还在读书、正在找工作、刚开始工作、工作生活比较稳定、准备换个方向、要照顾家里人、退休或准备退休	是		0	少	些	大	死亡率	产品编辑：第 2 章主题 → 饮食、运动与烟酒
source-2-9	把家里的食盐换成低钠盐（钾盐）	2	health	身体与就医	lifestyle	饮食、运动与烟酒	还在读书、正在找工作、刚开始工作、工作生活比较稳定、准备换个方向、要照顾家里人、退休或准备退休	是		少	少	否	中	死亡率	产品编辑：第 2 章主题 → 饮食、运动与烟酒
source-2-10	认真刷牙，每天清一次牙缝，缺牙及时补	2	health	身体与就医	care	就医与医疗消费	还在读书、正在找工作、刚开始工作、工作生活比较稳定、准备换个方向、要照顾家里人、退休或准备退休	是		少	少	些	中	死亡率	产品编辑：逐条标题与章节上下文确认 → 就医与医疗消费
source-2-11	每天走到 7000–8000 步	2	health	身体与就医	lifestyle	饮食、运动与烟酒	还在读书、正在找工作、刚开始工作、工作生活比较稳定、准备换个方向、要照顾家里人、退休或准备退休	是		0	多	些	大	死亡率	产品编辑：第 2 章主题 → 饮食、运动与烟酒
source-2-12	有高血压、高血脂就按医嘱规律吃药，别自行停	2	health	身体与就医	chronic	慢性病管理	还在读书、正在找工作、刚开始工作、工作生活比较稳定、准备换个方向、要照顾家里人、退休或准备退休	否	原文有特定疾病、指标或既往史条件	少	少	些	大	死亡率	产品编辑：逐条标题与章节上下文确认 → 慢性病管理
source-2-13	每晚睡 7 小时左右，作息固定	2	daily	时间与日常	rest	作息与精力	还在读书、正在找工作、刚开始工作、工作生活比较稳定、准备换个方向、要照顾家里人、退休或准备退休	是		0	多	些	中	死亡率	产品编辑：逐条标题与章节上下文确认 → 作息与精力
source-2-14	每周累计 150–300 分钟中等强度运动，快走即可	2	health	身体与就医	lifestyle	饮食、运动与烟酒	还在读书、正在找工作、刚开始工作、工作生活比较稳定、准备换个方向、要照顾家里人、退休或准备退休	是		0	多	些	大	死亡率	产品编辑：第 2 章主题 → 饮食、运动与烟酒
source-2-15	每周打三次球拍类运动，每次 45 分钟	2	health	身体与就医	lifestyle	饮食、运动与烟酒	还在读书、正在找工作、刚开始工作、工作生活比较稳定、准备换个方向、要照顾家里人、退休或准备退休	是		少	中	些	大	死亡率	产品编辑：第 2 章主题 → 饮食、运动与烟酒
source-2-16	把爬楼梯、快走赶路这类零碎的用力活动攒到每天四五分钟	2	health	身体与就医	lifestyle	饮食、运动与烟酒	还在读书、正在找工作、刚开始工作、工作生活比较稳定、准备换个方向、要照顾家里人、退休或准备退休	是		0	少	些	大	死亡率	产品编辑：第 2 章主题 → 饮食、运动与烟酒
source-2-17	每周做 30–60 分钟力量训练	2	health	身体与就医	lifestyle	饮食、运动与烟酒	还在读书、正在找工作、刚开始工作、工作生活比较稳定、准备换个方向、要照顾家里人、退休或准备退休	是		0	中	些	中	死亡率	产品编辑：第 2 章主题 → 饮食、运动与烟酒
source-2-18	别连着坐太久，隔一阵起身动一动	2	health	身体与就医	lifestyle	饮食、运动与烟酒	还在读书、正在找工作、刚开始工作、工作生活比较稳定、准备换个方向、要照顾家里人、退休或准备退休	是		0	少	些	大	死亡率	产品编辑：第 2 章主题 → 饮食、运动与烟酒
source-2-19	少吃加工肉（火腿、培根、香肠、午餐肉）	2	health	身体与就医	lifestyle	饮食、运动与烟酒	还在读书、正在找工作、刚开始工作、工作生活比较稳定、准备换个方向、要照顾家里人、退休或准备退休	是		0	少	些	大	死亡率	产品编辑：第 2 章主题 → 饮食、运动与烟酒
source-2-20	少喝或不喝酒	2	health	身体与就医	lifestyle	饮食、运动与烟酒	还在读书、正在找工作、刚开始工作、工作生活比较稳定、准备换个方向、要照顾家里人、退休或准备退休	否	原文涉及饮酒	0	少	些	大	死亡率	产品编辑：第 2 章主题 → 饮食、运动与烟酒
source-2-21	每天都喝酒、一停就手抖心慌的人，别自己硬戒	2	health	身体与就医	lifestyle	饮食、运动与烟酒	还在读书、正在找工作、刚开始工作、工作生活比较稳定、准备换个方向、要照顾家里人、退休或准备退休	否	原文涉及饮酒	少	中	些	大	死亡率	产品编辑：第 2 章主题 → 饮食、运动与烟酒
source-2-22	想少喝酒，先把一周喝了多少数出来，再找医生聊几分钟	2	health	身体与就医	lifestyle	饮食、运动与烟酒	还在读书、正在找工作、刚开始工作、工作生活比较稳定、准备换个方向、要照顾家里人、退休或准备退休	否	原文涉及饮酒	0	少	些	小	死亡率	产品编辑：第 2 章主题 → 饮食、运动与烟酒
source-2-23	每天吃一小把坚果	2	health	身体与就医	lifestyle	饮食、运动与烟酒	还在读书、正在找工作、刚开始工作、工作生活比较稳定、准备换个方向、要照顾家里人、退休或准备退休	是		少	少	否	大	死亡率	产品编辑：第 2 章主题 → 饮食、运动与烟酒
source-2-24	把一部分红肉换成鱼和禽肉	2	health	身体与就医	lifestyle	饮食、运动与烟酒	还在读书、正在找工作、刚开始工作、工作生活比较稳定、准备换个方向、要照顾家里人、退休或准备退休	是		0	少	些	小	死亡率	产品编辑：第 2 章主题 → 饮食、运动与烟酒
source-2-25	把一部分精米白面换成全谷物	2	health	身体与就医	lifestyle	饮食、运动与烟酒	还在读书、正在找工作、刚开始工作、工作生活比较稳定、准备换个方向、要照顾家里人、退休或准备退休	是		少	少	些	大	死亡率	产品编辑：第 2 章主题 → 饮食、运动与烟酒
source-2-26	每周喝三次以上茶	2	health	身体与就医	lifestyle	饮食、运动与烟酒	还在读书、正在找工作、刚开始工作、工作生活比较稳定、准备换个方向、要照顾家里人、退休或准备退休	是		少	少	否	中	死亡率	产品编辑：第 2 章主题 → 饮食、运动与烟酒
source-2-27	每天喝三到四杯咖啡，不加糖不加奶盖	2	health	身体与就医	lifestyle	饮食、运动与烟酒	还在读书、正在找工作、刚开始工作、工作生活比较稳定、准备换个方向、要照顾家里人、退休或准备退休	是		少	少	否	大	死亡率	产品编辑：第 2 章主题 → 饮食、运动与烟酒
source-2-28	每天吃够 5 份（约 400 g）水果蔬菜	2	health	身体与就医	lifestyle	饮食、运动与烟酒	还在读书、正在找工作、刚开始工作、工作生活比较稳定、准备换个方向、要照顾家里人、退休或准备退休	是		少	中	些	中	死亡率	产品编辑：第 2 章主题 → 饮食、运动与烟酒
source-2-29	少吃超加工食品（薯片、方便面、糕点、速食）	2	health	身体与就医	lifestyle	饮食、运动与烟酒	还在读书、正在找工作、刚开始工作、工作生活比较稳定、准备换个方向、要照顾家里人、退休或准备退休	是		0	多	是	大	死亡率	产品编辑：第 2 章主题 → 饮食、运动与烟酒
source-2-30	做饭、取暖不烧煤和柴，换成电或燃气	2	safety	安全与权益	accidents	出行与日常防护	还在读书、正在找工作、刚开始工作、工作生活比较稳定、准备换个方向、要照顾家里人、退休或准备退休	是		多	少	否	大	死亡率	产品编辑：逐条标题与章节上下文确认 → 出行与日常防护
source-2-31	热的东西放一放再喝，不喝滚烫的茶、汤和咖啡	2	health	身体与就医	lifestyle	饮食、运动与烟酒	还在读书、正在找工作、刚开始工作、工作生活比较稳定、准备换个方向、要照顾家里人、退休或准备退休	是		0	少	些	大	死亡率	产品编辑：第 2 章主题 → 饮食、运动与烟酒
source-2-32	白天出门晒晒太阳，别整天不见光	2	health	身体与就医	lifestyle	饮食、运动与烟酒	还在读书、正在找工作、刚开始工作、工作生活比较稳定、准备换个方向、要照顾家里人、退休或准备退休	是		0	少	否	中	死亡率	产品编辑：第 2 章主题 → 饮食、运动与烟酒
source-2-33	把 BMI 控制在 20–25，超重就减	2	health	身体与就医	lifestyle	饮食、运动与烟酒	还在读书、正在找工作、刚开始工作、工作生活比较稳定、准备换个方向、要照顾家里人、退休或准备退休	是		0	多	是	大	死亡率	产品编辑：第 2 章主题 → 饮食、运动与烟酒
source-2-34	每周吃四次以上辣椒	2	health	身体与就医	lifestyle	饮食、运动与烟酒	还在读书、正在找工作、刚开始工作、工作生活比较稳定、准备换个方向、要照顾家里人、退休或准备退休	是		0	少	否	大	死亡率	产品编辑：第 2 章主题 → 饮食、运动与烟酒
source-2-35	每天喝一两份奶或酸奶	2	health	身体与就医	lifestyle	饮食、运动与烟酒	还在读书、正在找工作、刚开始工作、工作生活比较稳定、准备换个方向、要照顾家里人、退休或准备退休	是		少	少	否	大	死亡率	产品编辑：第 2 章主题 → 饮食、运动与烟酒
source-2-36	鸡蛋不用戒，但别每天三四个	2	health	身体与就医	lifestyle	饮食、运动与烟酒	还在读书、正在找工作、刚开始工作、工作生活比较稳定、准备换个方向、要照顾家里人、退休或准备退休	是		0	少	否	小	死亡率	产品编辑：第 2 章主题 → 饮食、运动与烟酒
source-2-37	有条件就泡澡，别只冲淋浴	2	health	身体与就医	lifestyle	饮食、运动与烟酒	还在读书、正在找工作、刚开始工作、工作生活比较稳定、准备换个方向、要照顾家里人、退休或准备退休	是		少	中	否	大	死亡率	产品编辑：第 2 章主题 → 饮食、运动与烟酒
source-2-38	把午睡控制在半小时内，别超过一小时，非得睡一两小时才撑得住就去查原因	2	daily	时间与日常	rest	作息与精力	还在读书、正在找工作、刚开始工作、工作生活比较稳定、准备换个方向、要照顾家里人、退休或准备退休	是		0	少	否	中	死亡率	产品编辑：逐条标题与章节上下文确认 → 作息与精力
source-2-39	熬夜之后第二天晚上就补觉，别攒到周末	2	daily	时间与日常	rest	作息与精力	还在读书、正在找工作、刚开始工作、工作生活比较稳定、准备换个方向、要照顾家里人、退休或准备退休	是		0	少	否	中	死亡率	产品编辑：逐条标题与章节上下文确认 → 作息与精力
source-2-40	上夜班干得越久心血管风险越高，能转岗就趁早转	2	work	工作与学习	labor_rights	在职、离职与工伤	还在读书、正在找工作、刚开始工作、工作生活比较稳定、准备换个方向、要照顾家里人、退休或准备退休	是		多	中	是	大	死亡率	产品编辑：逐条标题与章节上下文确认 → 在职、离职与工伤
source-3-1	关掉非必要通知，工作时把手机放到视线之外	3	daily	时间与日常	focus	专注与信息安排	还在读书、正在找工作、刚开始工作、工作生活比较稳定、准备换个方向、要照顾家里人、退休或准备退休	是		0	少	否	中	时间	产品编辑：逐条标题与章节上下文确认 → 专注与信息安排
source-3-2	固定起床时间，周末也一样	3	daily	时间与日常	rest	作息与精力	还在读书、正在找工作、刚开始工作、工作生活比较稳定、准备换个方向、要照顾家里人、退休或准备退休	是		0	少	些	中	时间	产品编辑：第 3 章主题 → 作息与精力
source-3-3	每晚睡够 7 到 8 小时，别把 6 小时当作够用	3	daily	时间与日常	rest	作息与精力	还在读书、正在找工作、刚开始工作、工作生活比较稳定、准备换个方向、要照顾家里人、退休或准备退休	是		0	多	些	大	时间	产品编辑：第 3 章主题 → 作息与精力
source-3-4	下午两点以后不碰咖啡因	3	daily	时间与日常	rest	作息与精力	还在读书、正在找工作、刚开始工作、工作生活比较稳定、准备换个方向、要照顾家里人、退休或准备退休	是		0	少	些	大	时间	产品编辑：第 3 章主题 → 作息与精力
source-3-5	把邮件和消息改成每天固定几次批量处理	3	daily	时间与日常	focus	专注与信息安排	还在读书、正在找工作、刚开始工作、工作生活比较稳定、准备换个方向、要照顾家里人、退休或准备退休	是		0	少	些	中	时间	产品编辑：逐条标题与章节上下文确认 → 专注与信息安排
source-3-6	做需要连续思考的工作时，把哪怕几秒钟的打断也挡在外面	3	daily	时间与日常	focus	专注与信息安排	还在读书、正在找工作、刚开始工作、工作生活比较稳定、准备换个方向、要照顾家里人、退休或准备退休	是		0	少	否	大	时间	产品编辑：逐条标题与章节上下文确认 → 专注与信息安排
source-3-7	一次只做一件事，不要边开会边回消息	3	daily	时间与日常	focus	专注与信息安排	还在读书、正在找工作、刚开始工作、工作生活比较稳定、准备换个方向、要照顾家里人、退休或准备退休	是		0	少	些	中	时间	产品编辑：逐条标题与章节上下文确认 → 专注与信息安排
source-3-8	睡前一小时不看发光屏幕，要看就看纸书或墨水屏	3	daily	时间与日常	rest	作息与精力	还在读书、正在找工作、刚开始工作、工作生活比较稳定、准备换个方向、要照顾家里人、退休或准备退休	是		0	少	是	中	时间	产品编辑：第 3 章主题 → 作息与精力
source-3-9	到点就睡，不为游戏、短视频、色情内容熬夜	3	daily	时间与日常	rest	作息与精力	还在读书、正在找工作、刚开始工作、工作生活比较稳定、准备换个方向、要照顾家里人、退休或准备退休	是		0	少	是	大	时间	产品编辑：第 3 章主题 → 作息与精力
source-3-10	深夜不做重大决定、不发要紧的消息	3	choices	人生选择	decisions	重大决定与取舍	还在读书、正在找工作、刚开始工作、工作生活比较稳定、准备换个方向、要照顾家里人、退休或准备退休	是		0	少	些	小	时间	产品编辑：逐条标题与章节上下文确认 → 重大决定与取舍
source-3-11	下午困了就睡 10 分钟，不要睡半小时	3	daily	时间与日常	rest	作息与精力	还在读书、正在找工作、刚开始工作、工作生活比较稳定、准备换个方向、要照顾家里人、退休或准备退休	是		0	少	否	中	时间	产品编辑：第 3 章主题 → 作息与精力
source-3-12	在开放式办公室工作时用耳塞或找安静房间做需要记忆的活	3	daily	时间与日常	focus	专注与信息安排	还在读书、正在找工作、刚开始工作、工作生活比较稳定、准备换个方向、要照顾家里人、退休或准备退休	是		少	少	否	小	时间	产品编辑：逐条标题与章节上下文确认 → 专注与信息安排
source-3-13	每周工作时间不要超过 49 小时	3	work	工作与学习	labor_rights	在职、离职与工伤	还在读书、正在找工作、刚开始工作、工作生活比较稳定、准备换个方向、要照顾家里人、退休或准备退休	是		少	少	些	大	时间	产品编辑：逐条标题与章节上下文确认 → 在职、离职与工伤
source-3-14	发现自己在反复回想同一件糟心事时，换个需要动手的活	3	health	身体与就医	mental_health	心理困扰与重大打击	还在读书、正在找工作、刚开始工作、工作生活比较稳定、准备换个方向、要照顾家里人、退休或准备退休	是		0	少	些	中	时间	产品编辑：逐条标题与章节上下文确认 → 心理困扰与重大打击
source-3-15	把「事情肯定会更糟」这类念头当症状看，不当事实看	3	health	身体与就医	mental_health	心理困扰与重大打击	还在读书、正在找工作、刚开始工作、工作生活比较稳定、准备换个方向、要照顾家里人、退休或准备退休	是		0	少	些	中	死亡率	产品编辑：逐条标题与章节上下文确认 → 心理困扰与重大打击
source-3-16	减少让你消耗的人际关系，学会拒绝不想接的请求	3	relations	相处与关系	social	相处、边界与支持	还在读书、正在找工作、刚开始工作、工作生活比较稳定、准备换个方向、要照顾家里人、退休或准备退休	是		0	少	是	中	时间	产品编辑：逐条标题与章节上下文确认 → 相处、边界与支持
source-3-17	把穿什么、吃什么这类低价值决策固定下来	3	daily	时间与日常	focus	专注与信息安排	还在读书、正在找工作、刚开始工作、工作生活比较稳定、准备换个方向、要照顾家里人、退休或准备退休	是		0	少	否	小	时间	产品编辑：逐条标题与章节上下文确认 → 专注与信息安排
source-3-18	生气时先离场，把对方当天气而不是当敌人	3	relations	相处与关系	social	相处、边界与支持	还在读书、正在找工作、刚开始工作、工作生活比较稳定、准备换个方向、要照顾家里人、退休或准备退休	是		0	少	些	中	时间	产品编辑：逐条标题与章节上下文确认 → 相处、边界与支持
source-3-19	情绪低落时先做性价比最高的几件事：动起来、晒太阳、按时睡、找人说、打 12356	3	health	身体与就医	mental_health	心理困扰与重大打击	还在读书、正在找工作、刚开始工作、工作生活比较稳定、准备换个方向、要照顾家里人、退休或准备退休	是		0	中	些	大	时间	产品编辑：逐条标题与章节上下文确认 → 心理困扰与重大打击
source-3-20	把警察、医生、柜员当成按规则上班的人，别当成角色：能推动事情的是文书和期限，不是情绪	3	safety	安全与权益	law_fraud	法律、诈骗与维权	还在读书、正在找工作、刚开始工作、工作生活比较稳定、准备换个方向、要照顾家里人、退休或准备退休	是		0	少	些	小	时间	产品编辑：逐条标题与章节上下文确认 → 法律、诈骗与维权
source-3-21	别把「别人过得怎么样」当每日必读：给刷同龄人动态的应用设限或关掉	3	daily	时间与日常	focus	专注与信息安排	还在读书、正在找工作、刚开始工作、工作生活比较稳定、准备换个方向、要照顾家里人、退休或准备退休	是		0	少	是	大	时间	产品编辑：逐条标题与章节上下文确认 → 专注与信息安排
source-3-22	觉得「所有人都看见我出丑了」的时候，把这个估计除以二	3	health	身体与就医	mental_health	心理困扰与重大打击	还在读书、正在找工作、刚开始工作、工作生活比较稳定、准备换个方向、要照顾家里人、退休或准备退休	是		0	少	些	小	时间	产品编辑：逐条标题与章节上下文确认 → 心理困扰与重大打击
source-3-23	把「别人要求我做到完美」当症状看，不当事实看	3	health	身体与就医	mental_health	心理困扰与重大打击	还在读书、正在找工作、刚开始工作、工作生活比较稳定、准备换个方向、要照顾家里人、退休或准备退休	是		0	少	些	小	死亡率	产品编辑：逐条标题与章节上下文确认 → 心理困扰与重大打击
source-3-24	生气时别靠砸东西、打沙袋、跑一圈来发泄，先让身体慢下来	3	relations	相处与关系	social	相处、边界与支持	还在读书、正在找工作、刚开始工作、工作生活比较稳定、准备换个方向、要照顾家里人、退休或准备退休	是		0	少	些	中	时间	产品编辑：逐条标题与章节上下文确认 → 相处、边界与支持
source-3-25	心里压着一件事，可以连着几天把想法和感受写下来，但别指望它治病	3	health	身体与就医	mental_health	心理困扰与重大打击	还在读书、正在找工作、刚开始工作、工作生活比较稳定、准备换个方向、要照顾家里人、退休或准备退休	是		0	少	否	小	时间	产品编辑：逐条标题与章节上下文确认 → 心理困扰与重大打击
source-4-1	把「打算做」写成「几点、在哪、遇到什么就做什么」	4	daily	时间与日常	habits	计划、拖延与习惯	还在读书、正在找工作、刚开始工作、工作生活比较稳定、准备换个方向、要照顾家里人、退休或准备退休	是		0	少	否	大	时间	产品编辑：第 4 章主题 → 计划、拖延与习惯
source-4-2	开工前写下退出条件	4	choices	人生选择	decisions	重大决定与取舍	还在读书、正在找工作、刚开始工作、工作生活比较稳定、准备换个方向、要照顾家里人、退休或准备退休	是		0	少	些	大	时间	产品编辑：逐条标题与章节上下文确认 → 重大决定与取舍
source-4-3	决定是否继续时，只看未来投入和未来回报，不看已投入多少	4	choices	人生选择	decisions	重大决定与取舍	还在读书、正在找工作、刚开始工作、工作生活比较稳定、准备换个方向、要照顾家里人、退休或准备退休	是		0	少	些	中	时间	产品编辑：逐条标题与章节上下文确认 → 重大决定与取舍
source-4-4	估工期时按过去同类任务的实际耗时估，不按计划推	4	daily	时间与日常	habits	计划、拖延与习惯	还在读书、正在找工作、刚开始工作、工作生活比较稳定、准备换个方向、要照顾家里人、退休或准备退休	是		0	少	否	大	时间	产品编辑：第 4 章主题 → 计划、拖延与习惯
source-4-5	会前发议程，没议程的会不开；能站着开就站着开	4	daily	时间与日常	focus	专注与信息安排	还在读书、正在找工作、刚开始工作、工作生活比较稳定、准备换个方向、要照顾家里人、退休或准备退休	是		0	少	否	中	时间	产品编辑：逐条标题与章节上下文确认 → 专注与信息安排
source-4-6	砍会议数量，能用文字异步解决的不开会	4	daily	时间与日常	focus	专注与信息安排	还在读书、正在找工作、刚开始工作、工作生活比较稳定、准备换个方向、要照顾家里人、退休或准备退休	是		0	少	些	大	时间	产品编辑：逐条标题与章节上下文确认 → 专注与信息安排
source-4-7	把大任务拆成子任务再估时、再开工	4	daily	时间与日常	habits	计划、拖延与习惯	还在读书、正在找工作、刚开始工作、工作生活比较稳定、准备换个方向、要照顾家里人、退休或准备退休	是		0	少	否	中	时间	产品编辑：第 4 章主题 → 计划、拖延与习惯
source-4-8	给没有外部截止的事自己定一个日期	4	daily	时间与日常	habits	计划、拖延与习惯	还在读书、正在找工作、刚开始工作、工作生活比较稳定、准备换个方向、要照顾家里人、退休或准备退休	是		0	少	些	大	时间	产品编辑：第 4 章主题 → 计划、拖延与习惯
source-4-9	把拖延当成在躲开难受，不要当成不够努力	4	daily	时间与日常	habits	计划、拖延与习惯	还在读书、正在找工作、刚开始工作、工作生活比较稳定、准备换个方向、要照顾家里人、退休或准备退休	是		0	少	些	中	时间	产品编辑：第 4 章主题 → 计划、拖延与习惯
source-4-10	把要用的东西摆到手边，把不想碰的挪远，别指望当场忍住	4	daily	时间与日常	habits	计划、拖延与习惯	还在读书、正在找工作、刚开始工作、工作生活比较稳定、准备换个方向、要照顾家里人、退休或准备退休	是		0	少	否	中	时间	产品编辑：第 4 章主题 → 计划、拖延与习惯
source-4-11	想让自己做到就把钱押上，但先问自己肯不肯押	4	daily	时间与日常	habits	计划、拖延与习惯	还在读书、正在找工作、刚开始工作、工作生活比较稳定、准备换个方向、要照顾家里人、退休或准备退休	是		少	少	些	中	时间	产品编辑：第 4 章主题 → 计划、拖延与习惯
source-4-12	新习惯按月算，不要按「21 天」算	4	daily	时间与日常	habits	计划、拖延与习惯	还在读书、正在找工作、刚开始工作、工作生活比较稳定、准备换个方向、要照顾家里人、退休或准备退休	是		0	少	是	中	时间	产品编辑：第 4 章主题 → 计划、拖延与习惯
source-4-13	拖延已经影响生活的，用有随机试验支持的自助材料，不用非找治疗师	4	daily	时间与日常	habits	计划、拖延与习惯	还在读书、正在找工作、刚开始工作、工作生活比较稳定、准备换个方向、要照顾家里人、退休或准备退休	是		0	中	些	中	时间	产品编辑：第 4 章主题 → 计划、拖延与习惯
source-4-14	用自己的时薪决定哪些家务外包	4	daily	时间与日常	habits	计划、拖延与习惯	还在读书、正在找工作、刚开始工作、工作生活比较稳定、准备换个方向、要照顾家里人、退休或准备退休	是		多	少	否	大	时间	产品编辑：第 4 章主题 → 计划、拖延与习惯
source-4-15	给短视频和无目的刷屏设硬上限	4	daily	时间与日常	focus	专注与信息安排	还在读书、正在找工作、刚开始工作、工作生活比较稳定、准备换个方向、要照顾家里人、退休或准备退休	是		0	少	是	大	时间	产品编辑：逐条标题与章节上下文确认 → 专注与信息安排
source-4-16	不看电视和滚动新闻，需要的信息定时集中看	4	daily	时间与日常	focus	专注与信息安排	还在读书、正在找工作、刚开始工作、工作生活比较稳定、准备换个方向、要照顾家里人、退休或准备退休	是		0	少	些	大	时间	产品编辑：逐条标题与章节上下文确认 → 专注与信息安排
source-4-17	花一次时间学常用软件的键盘快捷键和自动化	4	daily	时间与日常	focus	专注与信息安排	还在读书、正在找工作、刚开始工作、工作生活比较稳定、准备换个方向、要照顾家里人、退休或准备退休	是		0	中	些	中	时间	产品编辑：逐条标题与章节上下文确认 → 专注与信息安排
source-4-18	选住处时把通勤时长放在前面，缩短单程通勤	4	home	住房与家人	housing	租房与买房	还在读书、正在找工作、刚开始工作、工作生活比较稳定、准备换个方向、要照顾家里人、退休或准备退休	是		多	中	否	大	时间	产品编辑：逐条标题与章节上下文确认 → 租房与买房
source-5-1	关掉所有自动续费，改为到期手动续	5	money	钱与消费	fixed_spending	固定开支	还在读书、正在找工作、刚开始工作、工作生活比较稳定、准备换个方向、要照顾家里人、退休或准备退休	是		0	少	否	中	金钱	产品编辑：逐条标题与章节上下文确认 → 固定开支
source-5-2	每年三月到六月做一次个税汇算，专项附加扣除该填的填	5	money	钱与消费	benefits_support	补贴与生活救助	还在读书、正在找工作、刚开始工作、工作生活比较稳定、准备换个方向、要照顾家里人、退休或准备退休	是		0	少	否	中	金钱	产品编辑：逐条标题与章节上下文确认 → 补贴与生活救助
source-5-3	公积金不只用来买房：租房、装修、物业费都能提，2026 年 9 月 20 日起按新条例办	5	home	住房与家人	housing	租房与买房	还在读书、刚开始工作、工作生活比较稳定、准备换个方向、要照顾家里人	否	购房或持有住房贷款	0	少	否	中	金钱	产品编辑：逐条标题与章节上下文确认 → 租房与买房
source-5-4	每年重算一次手机和宽带套餐，用不上的降档，运营商不给转就投诉	5	money	钱与消费	fixed_spending	固定开支	还在读书、正在找工作、刚开始工作、工作生活比较稳定、准备换个方向、要照顾家里人、退休或准备退休	是		0	少	些	中	金钱	产品编辑：逐条标题与章节上下文确认 → 固定开支
source-5-5	不买彩票	5	money	钱与消费	savings_investing	储蓄、投资与保险	还在读书、正在找工作、刚开始工作、工作生活比较稳定、准备换个方向、要照顾家里人、退休或准备退休	是		0	少	否	中	金钱	产品编辑：逐条标题与章节上下文确认 → 储蓄、投资与保险
source-5-6	看到「高收益」「保本」「稳赚」直接走开	5	safety	安全与权益	law_fraud	法律、诈骗与维权	还在读书、正在找工作、刚开始工作、工作生活比较稳定、准备换个方向、要照顾家里人、退休或准备退休	是		0	少	否	大	金钱	产品编辑：逐条标题与章节上下文确认 → 法律、诈骗与维权
source-5-7	不用信用卡最低还款，不为消费开分期或消费贷	5	money	钱与消费	savings_investing	储蓄、投资与保险	还在读书、正在找工作、刚开始工作、工作生活比较稳定、准备换个方向、要照顾家里人、退休或准备退休	是		0	少	些	中	金钱	产品编辑：逐条标题与章节上下文确认 → 储蓄、投资与保险
source-5-8	不给主播打赏、不给游戏充值、不冲动下单	5	money	钱与消费	consumption	购买与消费	还在读书、正在找工作、刚开始工作、工作生活比较稳定、准备换个方向、要照顾家里人、退休或准备退休	是		0	少	些	中	金钱	产品编辑：第 5 章主题 → 购买与消费
source-5-9	孩子用手机充值打赏，八岁以上的大额支出未经家长追认可以主张退	5	safety	安全与权益	law_fraud	法律、诈骗与维权	要照顾家里人	否	照顾未成年孩子	0	中	些	中	金钱	产品编辑：逐条标题与章节上下文确认 → 法律、诈骗与维权
source-5-10	教孩子记一句话：任何人让你拿家长的手机去操作、去报验证码，都是骗子	5	safety	安全与权益	law_fraud	法律、诈骗与维权	要照顾家里人	否	照顾未成年孩子	0	少	些	大	金钱	产品编辑：逐条标题与章节上下文确认 → 法律、诈骗与维权
source-5-11	拒绝电子产品的延长保修（延保）	5	money	钱与消费	consumption	购买与消费	还在读书、正在找工作、刚开始工作、工作生活比较稳定、准备换个方向、要照顾家里人、退休或准备退休	是		0	少	否	中	金钱	产品编辑：第 5 章主题 → 购买与消费
source-5-12	优先选通过一致性评价的仿制药和集采中选药	5	health	身体与就医	care	就医与医疗消费	还在读书、正在找工作、刚开始工作、工作生活比较稳定、准备换个方向、要照顾家里人、退休或准备退休	是		0	少	否	大	金钱	产品编辑：逐条标题与章节上下文确认 → 就医与医疗消费
source-5-13	在医保 App 上办一次家庭共济绑定，职工医保个人账户的钱就能给配偶、父母、子女看病买药	5	health	身体与就医	care	就医与医疗消费	还在读书、正在找工作、刚开始工作、工作生活比较稳定、准备换个方向、要照顾家里人、退休或准备退休	否	考虑婚姻或处于婚姻关系	0	少	否	中	金钱	产品编辑：逐条标题与章节上下文确认 → 就医与医疗消费
source-5-14	喝烧开的自来水，不常年买瓶装水	5	money	钱与消费	fixed_spending	固定开支	还在读书、正在找工作、刚开始工作、工作生活比较稳定、准备换个方向、要照顾家里人、退休或准备退休	是		0	少	否	中	金钱	产品编辑：逐条标题与章节上下文确认 → 固定开支
source-5-15	不频繁交易股票	5	money	钱与消费	savings_investing	储蓄、投资与保险	还在读书、正在找工作、刚开始工作、工作生活比较稳定、准备换个方向、要照顾家里人、退休或准备退休	否	考虑投资或持有相关资产	0	少	些	大	金钱	产品编辑：逐条标题与章节上下文确认 → 储蓄、投资与保险
source-5-16	不借钱投资、不加杠杆、不买自己看不懂的	5	money	钱与消费	savings_investing	储蓄、投资与保险	还在读书、正在找工作、刚开始工作、工作生活比较稳定、准备换个方向、要照顾家里人、退休或准备退休	否	考虑投资或持有相关资产	0	少	些	大	金钱	产品编辑：逐条标题与章节上下文确认 → 储蓄、投资与保险
source-5-17	用宽基指数基金替代主动管理基金作为长期底仓（长期拿着不动的那部分钱）	5	money	钱与消费	savings_investing	储蓄、投资与保险	还在读书、正在找工作、刚开始工作、工作生活比较稳定、准备换个方向、要照顾家里人、退休或准备退休	否	考虑投资或持有相关资产	0	少	些	大	金钱	产品编辑：逐条标题与章节上下文确认 → 储蓄、投资与保险
source-5-18	同类基金优先选费率低的	5	money	钱与消费	savings_investing	储蓄、投资与保险	还在读书、正在找工作、刚开始工作、工作生活比较稳定、准备换个方向、要照顾家里人、退休或准备退休	否	考虑投资或持有相关资产	0	少	否	大	金钱	产品编辑：逐条标题与章节上下文确认 → 储蓄、投资与保险
source-5-19	别把钱押在一只股票、一个平台、一套房上	5	money	钱与消费	savings_investing	储蓄、投资与保险	还在读书、正在找工作、刚开始工作、工作生活比较稳定、准备换个方向、要照顾家里人、退休或准备退休	否	考虑投资或持有相关资产	0	少	些	大	金钱	产品编辑：逐条标题与章节上下文确认 → 储蓄、投资与保险
source-5-20	交个税的人开个人养老金账户，每年 12000 元能在税前扣掉；不交个税的人开了不划算	5	money	钱与消费	benefits_support	补贴与生活救助	还在读书、正在找工作、刚开始工作、工作生活比较稳定、准备换个方向、要照顾家里人、退休或准备退休	是		0	少	否	中	金钱	产品编辑：逐条标题与章节上下文确认 → 补贴与生活救助
source-5-21	健身房按次付费或短周期付费，除非有一年以上的稳定记录	5	money	钱与消费	consumption	购买与消费	还在读书、正在找工作、刚开始工作、工作生活比较稳定、准备换个方向、要照顾家里人、退休或准备退休	是		少	少	否	中	金钱	产品编辑：第 5 章主题 → 购买与消费
source-5-22	交预付款要签书面合同；商家出风险要停收，跑路前你有权要回未消费的余额	5	safety	安全与权益	law_fraud	法律、诈骗与维权	还在读书、正在找工作、刚开始工作、工作生活比较稳定、准备换个方向、要照顾家里人、退休或准备退休	是		0	少	些	中	金钱	产品编辑：逐条标题与章节上下文确认 → 法律、诈骗与维权
source-5-23	大额非必需购买设 24 小时冷静期，网购善用七日无理由退货	5	money	钱与消费	consumption	购买与消费	还在读书、正在找工作、刚开始工作、工作生活比较稳定、准备换个方向、要照顾家里人、退休或准备退休	是		0	少	些	中	金钱	产品编辑：第 5 章主题 → 购买与消费
source-5-24	不为「划线价」和大促囤货	5	money	钱与消费	consumption	购买与消费	还在读书、正在找工作、刚开始工作、工作生活比较稳定、准备换个方向、要照顾家里人、退休或准备退休	是		0	少	些	中	金钱	产品编辑：第 5 章主题 → 购买与消费
source-5-25	保险优先买消费型，把「返还」「分红」当作不保证的部分	5	money	钱与消费	savings_investing	储蓄、投资与保险	还在读书、正在找工作、刚开始工作、工作生活比较稳定、准备换个方向、要照顾家里人、退休或准备退休	是		0	少	些	大	金钱	产品编辑：逐条标题与章节上下文确认 → 储蓄、投资与保险
source-5-26	三者险买够：交强险限额全国统一且不高，超出的部分从你自己家里出	5	money	钱与消费	savings_investing	储蓄、投资与保险	还在读书、正在找工作、刚开始工作、工作生活比较稳定、准备换个方向、要照顾家里人、退休或准备退休	否	驾驶或有车辆保险需求	多	少	否	大	金钱	产品编辑：逐条标题与章节上下文确认 → 储蓄、投资与保险
source-5-27	先存出 3 到 6 个月生活费的应急金，放在随时能取的地方	5	money	钱与消费	savings_investing	储蓄、投资与保险	还在读书、正在找工作、刚开始工作、工作生活比较稳定、准备换个方向、要照顾家里人、退休或准备退休	是		0	少	些	大	金钱	产品编辑：逐条标题与章节上下文确认 → 储蓄、投资与保险
source-5-28	提前还房贷之前先做一道比较题，不要凭感觉	5	home	住房与家人	housing	租房与买房	还在读书、正在找工作、刚开始工作、工作生活比较稳定、准备换个方向、要照顾家里人、退休或准备退休	否	购房或持有住房贷款	0	少	否	大	金钱	产品编辑：逐条标题与章节上下文确认 → 租房与买房
source-5-29	网购认平台规则和法条，不认主播和「好评」	5	safety	安全与权益	law_fraud	法律、诈骗与维权	还在读书、正在找工作、刚开始工作、工作生活比较稳定、准备换个方向、要照顾家里人、退休或准备退休	是		0	少	些	中	金钱	产品编辑：逐条标题与章节上下文确认 → 法律、诈骗与维权
source-5-30	直播间买的东西出了问题，先向平台要卖家和带货人的信息，平台必须给	5	safety	安全与权益	law_fraud	法律、诈骗与维权	还在读书、正在找工作、刚开始工作、工作生活比较稳定、准备换个方向、要照顾家里人、退休或准备退休	是		0	少	否	中	金钱	产品编辑：逐条标题与章节上下文确认 → 法律、诈骗与维权
source-5-31	买到不安全的食品，除了退钱还能要十倍价款，增加赔偿不足一千元的按一千元算	5	safety	安全与权益	law_fraud	法律、诈骗与维权	还在读书、正在找工作、刚开始工作、工作生活比较稳定、准备换个方向、要照顾家里人、退休或准备退休	是		0	少	些	中	金钱	产品编辑：逐条标题与章节上下文确认 → 法律、诈骗与维权
source-5-32	买大件前先查国家抽检通报、3C 认证和能效标识	5	money	钱与消费	consumption	购买与消费	还在读书、正在找工作、刚开始工作、工作生活比较稳定、准备换个方向、要照顾家里人、退休或准备退休	是		0	少	否	中	金钱	产品编辑：第 5 章主题 → 购买与消费
source-5-33	手串、玉石、名表、潮玩按「花掉的钱」算账，不按「存下的钱」算	5	money	钱与消费	consumption	购买与消费	还在读书、正在找工作、刚开始工作、工作生活比较稳定、准备换个方向、要照顾家里人、退休或准备退休	是		0	少	些	中	金钱	产品编辑：第 5 章主题 → 购买与消费
source-5-34	珠宝玉石只认带 CMA 标志的检测报告，并到发证部门官网核一下这家机构	5	money	钱与消费	consumption	购买与消费	还在读书、正在找工作、刚开始工作、工作生活比较稳定、准备换个方向、要照顾家里人、退休或准备退休	是		0	少	否	中	金钱	产品编辑：第 5 章主题 → 购买与消费
source-5-35	盲盒、抽卡这类随机销售，按「这笔钱不会回来」算	5	money	钱与消费	consumption	购买与消费	还在读书、正在找工作、刚开始工作、工作生活比较稳定、准备换个方向、要照顾家里人、退休或准备退休	是		0	少	些	小	金钱	产品编辑：第 5 章主题 → 购买与消费
source-5-36	在意食品里加了什么，就买预包装的：散装柜台法律上不要求标配料表	5	money	钱与消费	consumption	购买与消费	还在读书、正在找工作、刚开始工作、工作生活比较稳定、准备换个方向、要照顾家里人、退休或准备退休	是		少	少	否	小	金钱	产品编辑：第 5 章主题 → 购买与消费
source-5-37	亏了的股票也要按事先定好的规则卖掉，不靠往下补仓摊平成本翻身	5	money	钱与消费	savings_investing	储蓄、投资与保险	还在读书、正在找工作、刚开始工作、工作生活比较稳定、准备换个方向、要照顾家里人、退休或准备退休	否	考虑投资或持有相关资产	0	少	些	中	金钱	产品编辑：逐条标题与章节上下文确认 → 储蓄、投资与保险
source-5-38	行情暴涨暴跌的时候少动手，别在最热的时候加大买卖	5	money	钱与消费	savings_investing	储蓄、投资与保险	还在读书、正在找工作、刚开始工作、工作生活比较稳定、准备换个方向、要照顾家里人、退休或准备退休	是		0	少	些	大	金钱	产品编辑：逐条标题与章节上下文确认 → 储蓄、投资与保险
source-6-1	不要为了长寿或防心血管病吃复合维生素	6	health	身体与就医	care	就医与医疗消费	还在读书、正在找工作、刚开始工作、工作生活比较稳定、准备换个方向、要照顾家里人、退休或准备退休	否	原文有特定疾病、指标或既往史条件	0	少	否	中	金钱	产品编辑：第 6 章主题 → 就医与医疗消费
source-6-2	不要为了预防心血管病吃普通鱼油	6	health	身体与就医	care	就医与医疗消费	还在读书、正在找工作、刚开始工作、工作生活比较稳定、准备换个方向、要照顾家里人、退休或准备退休	否	原文有特定疾病、指标或既往史条件	0	少	否	中	金钱	产品编辑：第 6 章主题 → 就医与医疗消费
source-6-3	不要为了长寿给不缺维生素 D 的人补维生素 D	6	health	身体与就医	care	就医与医疗消费	还在读书、正在找工作、刚开始工作、工作生活比较稳定、准备换个方向、要照顾家里人、退休或准备退休	是		0	少	否	中	金钱	产品编辑：第 6 章主题 → 就医与医疗消费
source-6-4	不要为了防癌吃抗氧化补剂（β 胡萝卜素、维生素 E、维生素 A）	6	health	身体与就医	care	就医与医疗消费	还在读书、正在找工作、刚开始工作、工作生活比较稳定、准备换个方向、要照顾家里人、退休或准备退休	是		0	少	否	中	死亡率	产品编辑：第 6 章主题 → 就医与医疗消费
source-6-5	不要指望氨糖（葡萄糖胺）/软骨素治膝关节炎	6	health	身体与就医	care	就医与医疗消费	还在读书、正在找工作、刚开始工作、工作生活比较稳定、准备换个方向、要照顾家里人、退休或准备退休	是		0	少	否	中	金钱	产品编辑：第 6 章主题 → 就医与医疗消费
source-6-6	不要靠维生素 C 预防感冒	6	health	身体与就医	care	就医与医疗消费	还在读书、正在找工作、刚开始工作、工作生活比较稳定、准备换个方向、要照顾家里人、退休或准备退休	是		0	少	否	小	金钱	产品编辑：第 6 章主题 → 就医与医疗消费
source-6-7	不要给没有症状的自己做「全身 PET-CT」或「肿瘤标志物套餐」	6	health	身体与就医	prevention	疫苗与筛查	还在读书、正在找工作、刚开始工作、工作生活比较稳定、准备换个方向、要照顾家里人、退休或准备退休	是		0	少	否	中	死亡率	产品编辑：逐条标题与章节上下文确认 → 疫苗与筛查
source-6-8	不要指望手环/手表的运动量化帮你减重	6	health	身体与就医	lifestyle	饮食、运动与烟酒	还在读书、正在找工作、刚开始工作、工作生活比较稳定、准备换个方向、要照顾家里人、退休或准备退休	是		0	少	否	中	金钱	产品编辑：逐条标题与章节上下文确认 → 饮食、运动与烟酒
source-6-9	不要为了「更健康」花溢价买有机食品	6	money	钱与消费	consumption	购买与消费	还在读书、正在找工作、刚开始工作、工作生活比较稳定、准备换个方向、要照顾家里人、退休或准备退休	是		0	少	否	中	金钱	产品编辑：逐条标题与章节上下文确认 → 购买与消费
source-6-10	不要花大钱买保健品、膏方、滋补品来「调理身体」	6	health	身体与就医	care	就医与医疗消费	还在读书、正在找工作、刚开始工作、工作生活比较稳定、准备换个方向、要照顾家里人、退休或准备退休	是		0	少	否	大	金钱	产品编辑：第 6 章主题 → 就医与医疗消费
source-6-11	不要在没有肠道问题时长期吃益生菌	6	health	身体与就医	care	就医与医疗消费	还在读书、正在找工作、刚开始工作、工作生活比较稳定、准备换个方向、要照顾家里人、退休或准备退休	是		0	少	否	小	金钱	产品编辑：第 6 章主题 → 就医与医疗消费
source-6-12	不要为了「增强免疫力」逼自己洗冷水澡	6	health	身体与就医	lifestyle	饮食、运动与烟酒	还在读书、正在找工作、刚开始工作、工作生活比较稳定、准备换个方向、要照顾家里人、退休或准备退休	是		0	少	否	小	金钱	产品编辑：逐条标题与章节上下文确认 → 饮食、运动与烟酒
source-6-13	不要买排毒、清肠、酵素、碱性水这类产品	6	health	身体与就医	care	就医与医疗消费	还在读书、正在找工作、刚开始工作、工作生活比较稳定、准备换个方向、要照顾家里人、退休或准备退休	是		0	少	否	中	金钱	产品编辑：第 6 章主题 → 就医与医疗消费
source-6-14	不要为了凑够「每天 8 杯水」强迫自己喝水	6	health	身体与就医	lifestyle	饮食、运动与烟酒	还在读书、正在找工作、刚开始工作、工作生活比较稳定、准备换个方向、要照顾家里人、退休或准备退休	是		0	少	否	小	金钱	产品编辑：逐条标题与章节上下文确认 → 饮食、运动与烟酒
source-6-15	不要花钱算命、看塔罗、看星座来做决定	6	choices	人生选择	decisions	重大决定与取舍	还在读书、正在找工作、刚开始工作、工作生活比较稳定、准备换个方向、要照顾家里人、退休或准备退休	是		0	少	否	中	金钱	产品编辑：逐条标题与章节上下文确认 → 重大决定与取舍
source-6-16	不要买防蓝光眼镜来「保护视力」，也不要相信「对着屏幕干几个月眼睛就废了」，但眼睛胀痛发红要当急症	6	health	身体与就医	care	就医与医疗消费	还在读书、正在找工作、刚开始工作、工作生活比较稳定、准备换个方向、要照顾家里人、退休或准备退休	是		0	少	否	中	金钱	产品编辑：第 6 章主题 → 就医与医疗消费
source-6-17	不要把献血当保健：「排毒、降血脂、防心梗」没有随机试验支持，频繁献倒是真会缺铁	6	health	身体与就医	care	就医与医疗消费	还在读书、正在找工作、刚开始工作、工作生活比较稳定、准备换个方向、要照顾家里人、退休或准备退休	是		0	中	些	小	死亡率	产品编辑：第 6 章主题 → 就医与医疗消费
source-6-18	不要靠通用体检套餐防病，按年龄性别做那几项有证据的筛查	6	health	身体与就医	prevention	疫苗与筛查	还在读书、正在找工作、刚开始工作、工作生活比较稳定、准备换个方向、要照顾家里人、退休或准备退休	是		0	少	否	中	金钱	产品编辑：逐条标题与章节上下文确认 → 疫苗与筛查
source-6-19	不要因为体检查出尿酸高、但从没痛过，就开始吃降尿酸药	6	health	身体与就医	chronic	慢性病管理	还在读书、正在找工作、刚开始工作、工作生活比较稳定、准备换个方向、要照顾家里人、退休或准备退休	是		0	少	否	小	死亡率	产品编辑：逐条标题与章节上下文确认 → 慢性病管理
source-6-20	不要因为体检查出胆囊结石、但从没疼过，就去预防性切胆囊	6	health	身体与就医	chronic	慢性病管理	还在读书、正在找工作、刚开始工作、工作生活比较稳定、准备换个方向、要照顾家里人、退休或准备退休	否	原文有特定疾病、指标或既往史条件	0	少	否	中	死亡率	产品编辑：逐条标题与章节上下文确认 → 慢性病管理
source-6-21	不要为了防肾结石把钙戒掉	6	health	身体与就医	chronic	慢性病管理	还在读书、正在找工作、刚开始工作、工作生活比较稳定、准备换个方向、要照顾家里人、退休或准备退休	否	原文有特定疾病、指标或既往史条件	0	少	否	大	死亡率	产品编辑：逐条标题与章节上下文确认 → 慢性病管理
source-6-22	不要为了「转运」「招财」「养人」买水晶、手串、貔貅这类物件	6	money	钱与消费	consumption	购买与消费	还在读书、正在找工作、刚开始工作、工作生活比较稳定、准备换个方向、要照顾家里人、退休或准备退休	是		0	少	些	中	金钱	产品编辑：逐条标题与章节上下文确认 → 购买与消费
source-6-23	不要指望买东西改善心情或身份感	6	money	钱与消费	consumption	购买与消费	还在读书、正在找工作、刚开始工作、工作生活比较稳定、准备换个方向、要照顾家里人、退休或准备退休	是		0	少	是	中	金钱	产品编辑：逐条标题与章节上下文确认 → 购买与消费
source-6-24	不要为了「在周围人里往上挪一档」多花钱换房、换车、换圈子	6	money	钱与消费	consumption	购买与消费	还在读书、正在找工作、刚开始工作、工作生活比较稳定、准备换个方向、要照顾家里人、退休或准备退休	是		0	少	些	中	金钱	产品编辑：逐条标题与章节上下文确认 → 购买与消费
source-6-25	不要相信「意志力像肌肉，用一会儿就没了」	6	daily	时间与日常	habits	计划、拖延与习惯	还在读书、正在找工作、刚开始工作、工作生活比较稳定、准备换个方向、要照顾家里人、退休或准备退休	是		0	少	否	中	时间	产品编辑：逐条标题与章节上下文确认 → 计划、拖延与习惯
source-6-26	不要指望吃早餐或 16:8 轻断食帮你控制体重，吃饭时间挑你能长期坚持的	6	health	身体与就医	lifestyle	饮食、运动与烟酒	还在读书、正在找工作、刚开始工作、工作生活比较稳定、准备换个方向、要照顾家里人、退休或准备退休	是		0	少	否	小	死亡率	产品编辑：逐条标题与章节上下文确认 → 饮食、运动与烟酒
source-7-1	失业了先在线申领失业保险金	7	work	工作与学习	labor_rights	在职、离职与工伤	刚开始工作、工作生活比较稳定、准备换个方向	否		0	少	否	大	金钱	产品编辑：逐条标题与章节上下文确认 → 在职、离职与工伤
source-7-2	被欠薪先投诉劳动监察，再申请劳动仲裁，两条路都不收费，多数案子几个月内有结果	7	work	工作与学习	labor_rights	在职、离职与工伤	还在读书、正在找工作、刚开始工作、工作生活比较稳定、准备换个方向、要照顾家里人、退休或准备退休	是		0	中	些	大	金钱	产品编辑：逐条标题与章节上下文确认 → 在职、离职与工伤
source-7-3	打不起官司就申请法律援助，讨薪、赡养费、工伤这类案子本来就在范围内	7	safety	安全与权益	law_fraud	法律、诈骗与维权	还在读书、正在找工作、刚开始工作、工作生活比较稳定、准备换个方向、要照顾家里人、退休或准备退休	是		0	少	否	大	金钱	产品编辑：逐条标题与章节上下文确认 → 法律、诈骗与维权
source-7-4	走投无路时去救助站，管吃住和返乡车票	7	money	钱与消费	benefits_support	补贴与生活救助	还在读书、正在找工作、刚开始工作、工作生活比较稳定、准备换个方向、要照顾家里人、退休或准备退休	是		0	少	些	中	金钱	产品编辑：第 7 章主题 → 补贴与生活救助
source-7-5	找活先用免费的公共就业服务和零工市场，不找收费中介	7	work	工作与学习	job_search	找工作	正在找工作、还在读书、刚开始工作、工作生活比较稳定、准备换个方向	否		0	少	否	中	金钱	产品编辑：逐条标题与章节上下文确认 → 找工作
source-7-6	突发变故先申请临时救助	7	money	钱与消费	benefits_support	补贴与生活救助	还在读书、正在找工作、刚开始工作、工作生活比较稳定、准备换个方向、要照顾家里人、退休或准备退休	是		0	中	否	中	金钱	产品编辑：第 7 章主题 → 补贴与生活救助
source-7-7	收入低于当地低保线就申请低保	7	money	钱与消费	benefits_support	补贴与生活救助	还在读书、正在找工作、刚开始工作、工作生活比较稳定、准备换个方向、要照顾家里人、退休或准备退休	是		0	中	些	大	金钱	产品编辑：第 7 章主题 → 补贴与生活救助
source-7-8	持残疾人证的去申请残疾人两项补贴	7	health	身体与就医	disability	残疾与康复	还在读书、正在找工作、刚开始工作、工作生活比较稳定、准备换个方向、要照顾家里人、退休或准备退休	否	原文涉及残疾、功能障碍或康复	0	少	否	中	金钱	产品编辑：逐条标题与章节上下文确认 → 残疾与康复
source-7-9	居民医保每年 400 元不要断，困难户可减免	7	health	身体与就医	care	就医与医疗消费	还在读书、正在找工作、刚开始工作、工作生活比较稳定、准备换个方向、要照顾家里人、退休或准备退休	是		少	少	否	大	金钱	产品编辑：逐条标题与章节上下文确认 → 就医与医疗消费
source-7-10	得了重病先走医保、大病保险、医疗救助和异地备案，不碰网贷	7	health	身体与就医	care	就医与医疗消费	还在读书、正在找工作、刚开始工作、工作生活比较稳定、准备换个方向、要照顾家里人、退休或准备退休	是		0	中	些	大	金钱	产品编辑：逐条标题与章节上下文确认 → 就医与医疗消费
source-7-11	身份证丢了立刻补办，急用先领临时身份证	7	safety	安全与权益	law_fraud	法律、诈骗与维权	还在读书、正在找工作、刚开始工作、工作生活比较稳定、准备换个方向、要照顾家里人、退休或准备退休	是		少	少	否	小	金钱	产品编辑：逐条标题与章节上下文确认 → 法律、诈骗与维权
source-7-12	办失业登记后争取就业困难人员认定，拿社保补贴或公益性岗位	7	work	工作与学习	labor_rights	在职、离职与工伤	刚开始工作、工作生活比较稳定、准备换个方向	否		0	中	些	大	金钱	产品编辑：逐条标题与章节上下文确认 → 在职、离职与工伤
source-7-13	失业期间去领职业培训补贴、就业见习补贴和社保补贴，别自费上培训班	7	work	工作与学习	skills	技能与培训	刚开始工作、工作生活比较稳定、准备换个方向	否		0	中	些	中	金钱	产品编辑：逐条标题与章节上下文确认 → 技能与培训
source-7-14	求职别只投简历，用系统方法：学技巧、定目标、找人帮	7	work	工作与学习	job_search	找工作	正在找工作、还在读书、刚开始工作、工作生活比较稳定、准备换个方向	否		0	中	是	大	金钱	产品编辑：逐条标题与章节上下文确认 → 找工作
source-7-15	不交押金、不押证件、不签「培训贷」、不进传销、不借高利贷	7	safety	安全与权益	law_fraud	法律、诈骗与维权	还在读书、正在找工作、刚开始工作、工作生活比较稳定、准备换个方向、要照顾家里人、退休或准备退休	是		0	少	些	大	金钱	产品编辑：逐条标题与章节上下文确认 → 法律、诈骗与维权
source-7-16	住房困难先排公租房	7	home	住房与家人	housing	租房与买房	还在读书、刚开始工作、工作生活比较稳定、准备换个方向、要照顾家里人	否		0	中	否	大	金钱	产品编辑：逐条标题与章节上下文确认 → 租房与买房
source-7-17	把住和吃压到最低：合租月租代替日租，自炊和助餐食堂代替外卖	7	home	住房与家人	housing	租房与买房	还在读书、刚开始工作、工作生活比较稳定、准备换个方向、要照顾家里人	否		0	中	些	大	金钱	产品编辑：逐条标题与章节上下文确认 → 租房与买房
source-7-18	社保断缴不要慌：养老按累计算，医保按规则补	7	work	工作与学习	labor_rights	在职、离职与工伤	还在读书、正在找工作、刚开始工作、工作生活比较稳定、准备换个方向、要照顾家里人、退休或准备退休	是		0	少	否	大	金钱	产品编辑：逐条标题与章节上下文确认 → 在职、离职与工伤
source-7-19	坐过牢、破过产、上过失信名单，法律上都有重来的路，先把手续走完	7	safety	安全与权益	law_fraud	法律、诈骗与维权	还在读书、正在找工作、刚开始工作、工作生活比较稳定、准备换个方向、要照顾家里人、退休或准备退休	是		0	中	是	中	金钱	产品编辑：逐条标题与章节上下文确认 → 法律、诈骗与维权
source-7-20	大病之前，基本医保之外配一份一年期医疗险或重疾险，看清「保证续保」四个字	7	money	钱与消费	savings_investing	储蓄、投资与保险	还在读书、正在找工作、刚开始工作、工作生活比较稳定、准备换个方向、要照顾家里人、退休或准备退休	是		少	少	否	大	金钱	产品编辑：逐条标题与章节上下文确认 → 储蓄、投资与保险
source-7-21	实在没地方睡，24 小时营业场所只能应急一晚，优先去救助站	7	money	钱与消费	benefits_support	补贴与生活救助	还在读书、正在找工作、刚开始工作、工作生活比较稳定、准备换个方向、要照顾家里人、退休或准备退休	是		少	少	些	小	金钱	产品编辑：第 7 章主题 → 补贴与生活救助
source-8-1	出了交通事故先停车、救人、报警，不要跑	8	safety	安全与权益	accidents	出行与日常防护	还在读书、正在找工作、刚开始工作、工作生活比较稳定、准备换个方向、要照顾家里人、退休或准备退休	是		0	少	否	大	自由	产品编辑：逐条标题与章节上下文确认 → 出行与日常防护
source-8-2	发现被骗，立刻打 110 或 96110 要求止付，别先自己查	8	safety	安全与权益	law_fraud	法律、诈骗与维权	还在读书、正在找工作、刚开始工作、工作生活比较稳定、准备换个方向、要照顾家里人、退休或准备退休	是		0	少	否	大	金钱	产品编辑：第 8 章主题 → 法律、诈骗与维权
source-8-3	记住反诈硬规则：来电不轻信、信息不透露、链接不点击、转账多核实，七种最常见的骗局都是这个形状	8	safety	安全与权益	law_fraud	法律、诈骗与维权	还在读书、正在找工作、刚开始工作、工作生活比较稳定、准备换个方向、要照顾家里人、退休或准备退休	是		0	少	些	大	金钱	产品编辑：第 8 章主题 → 法律、诈骗与维权
source-8-4	视频里看见脸、电话里听见声音都不算核实，涉及转账先挂断，用自己通讯录里的旧号码打回去	8	safety	安全与权益	law_fraud	法律、诈骗与维权	还在读书、正在找工作、刚开始工作、工作生活比较稳定、准备换个方向、要照顾家里人、退休或准备退休	是		0	少	些	大	金钱	产品编辑：第 8 章主题 → 法律、诈骗与维权
source-8-5	被指控或被传唤，先请律师，不私了、不删记录	8	safety	安全与权益	law_fraud	法律、诈骗与维权	还在读书、正在找工作、刚开始工作、工作生活比较稳定、准备换个方向、要照顾家里人、退休或准备退休	是		多	中	些	大	自由	产品编辑：第 8 章主题 → 法律、诈骗与维权
source-8-6	出了事主动去说清楚：自首最多能减四成刑，「躲过追诉期」这条路是堵死的	8	safety	安全与权益	law_fraud	法律、诈骗与维权	还在读书、正在找工作、刚开始工作、工作生活比较稳定、准备换个方向、要照顾家里人、退休或准备退休	是		0	少	些	大	自由	产品编辑：第 8 章主题 → 法律、诈骗与维权
source-8-7	喝了酒就不碰方向盘，包括电动车和「挪一下车」	8	safety	安全与权益	accidents	出行与日常防护	还在读书、正在找工作、刚开始工作、工作生活比较稳定、准备换个方向、要照顾家里人、退休或准备退休	否	驾驶或有车辆保险需求	少	少	些	大	自由	产品编辑：逐条标题与章节上下文确认 → 出行与日常防护
source-8-8	不把银行卡、手机卡、支付账号借给任何人，「跑分」不是兼职	8	safety	安全与权益	law_fraud	法律、诈骗与维权	还在读书、正在找工作、刚开始工作、工作生活比较稳定、准备换个方向、要照顾家里人、退休或准备退休	是		0	少	否	大	自由	产品编辑：第 8 章主题 → 法律、诈骗与维权
source-8-9	每年免费查两次自己的征信报告，看有没有不是自己办的贷款和卡	8	safety	安全与权益	law_fraud	法律、诈骗与维权	还在读书、正在找工作、刚开始工作、工作生活比较稳定、准备换个方向、要照顾家里人、退休或准备退休	是		0	少	否	中	金钱	产品编辑：第 8 章主题 → 法律、诈骗与维权
source-8-10	起了冲突先报警不动手，先动手的那个几乎一定吃亏	8	safety	安全与权益	law_fraud	法律、诈骗与维权	还在读书、正在找工作、刚开始工作、工作生活比较稳定、准备换个方向、要照顾家里人、退休或准备退休	是		0	少	些	大	自由	产品编辑：第 8 章主题 → 法律、诈骗与维权
source-8-11	躲不掉的侵害可以还手，但只打正在动手的那个人，他停你就停	8	safety	安全与权益	law_fraud	法律、诈骗与维权	还在读书、正在找工作、刚开始工作、工作生活比较稳定、准备换个方向、要照顾家里人、退休或准备退休	是		多	中	些	大	自由	产品编辑：第 8 章主题 → 法律、诈骗与维权
source-8-12	跟谁结了怨——被欠薪、被开除、被坑了钱——走投诉、仲裁、起诉，别去找人算账	8	safety	安全与权益	law_fraud	法律、诈骗与维权	还在读书、正在找工作、刚开始工作、工作生活比较稳定、准备换个方向、要照顾家里人、退休或准备退休	是		0	中	是	大	自由	产品编辑：第 8 章主题 → 法律、诈骗与维权
source-8-13	再恨也别对不相干的人下手：驾车冲撞人群、在公共场所行凶按以危险方法危害公共安全定罪，起刑三年，死了人就是死刑	8	safety	安全与权益	law_fraud	法律、诈骗与维权	还在读书、正在找工作、刚开始工作、工作生活比较稳定、准备换个方向、要照顾家里人、退休或准备退休	是		0	少	些	大	自由	产品编辑：第 8 章主题 → 法律、诈骗与维权
source-8-14	冒出「拉个垫背的」「同归于尽」这种念头，当急症处理：离开现场，把车钥匙和刀交给别人，打 12356	8	health	身体与就医	mental_health	心理困扰与重大打击	还在读书、正在找工作、刚开始工作、工作生活比较稳定、准备换个方向、要照顾家里人、退休或准备退休	是		0	少	些	大	自由	产品编辑：逐条标题与章节上下文确认 → 心理困扰与重大打击
source-8-15	身边人说出「谁也别想好过」「带着孩子一起走」，别当气话：近亲属可以直接送诊，公安接到报警也必须管	8	health	身体与就医	mental_health	心理困扰与重大打击	要照顾家里人	否	照顾未成年孩子	少	中	些	大	自由	产品编辑：逐条标题与章节上下文确认 → 心理困扰与重大打击
source-8-16	网上不骂人、不造谣、不转发没核实的事；被网暴先留证再报警	8	safety	安全与权益	digital	账号与个人信息	还在读书、正在找工作、刚开始工作、工作生活比较稳定、准备换个方向、要照顾家里人、退休或准备退休	是		0	少	些	大	自由	产品编辑：逐条标题与章节上下文确认 → 账号与个人信息
source-8-17	签字前把纸看完，不替人签字，不在空白纸上签	8	safety	安全与权益	law_fraud	法律、诈骗与维权	还在读书、正在找工作、刚开始工作、工作生活比较稳定、准备换个方向、要照顾家里人、退休或准备退休	是		0	少	些	大	金钱	产品编辑：第 8 章主题 → 法律、诈骗与维权
source-8-18	借钱写清借条，替人担保前先想清楚自己愿不愿意替他还	8	safety	安全与权益	law_fraud	法律、诈骗与维权	还在读书、正在找工作、刚开始工作、工作生活比较稳定、准备换个方向、要照顾家里人、退休或准备退休	是		0	少	否	大	金钱	产品编辑：第 8 章主题 → 法律、诈骗与维权
source-8-19	维权有期限：民事诉讼时效 3 年，劳动仲裁 1 年，过了对方一句「超过时效」就够	8	safety	安全与权益	law_fraud	法律、诈骗与维权	还在读书、正在找工作、刚开始工作、工作生活比较稳定、准备换个方向、要照顾家里人、退休或准备退休	是		0	少	否	大	金钱	产品编辑：第 8 章主题 → 法律、诈骗与维权
source-8-20	被起诉、被执行了，如实报财产、能还多少还多少，别把房和钱转给亲友或公司	8	safety	安全与权益	law_fraud	法律、诈骗与维权	还在读书、正在找工作、刚开始工作、工作生活比较稳定、准备换个方向、要照顾家里人、退休或准备退休	是		0	中	些	大	自由	产品编辑：第 8 章主题 → 法律、诈骗与维权
source-8-21	被限制消费或者被列入失信名单，先查清是按哪一条纳入的，能纠正的申请纠正	8	safety	安全与权益	law_fraud	法律、诈骗与维权	还在读书、正在找工作、刚开始工作、工作生活比较稳定、准备换个方向、要照顾家里人、退休或准备退休	是		0	中	些	中	金钱	产品编辑：第 8 章主题 → 法律、诈骗与维权
source-8-22	网购、二手交易被骗，先平台投诉，再报警，再算值不值得起诉	8	safety	安全与权益	law_fraud	法律、诈骗与维权	还在读书、正在找工作、刚开始工作、工作生活比较稳定、准备换个方向、要照顾家里人、退休或准备退休	是		少	中	些	中	金钱	产品编辑：第 8 章主题 → 法律、诈骗与维权
source-8-23	恋爱和婚内的大额赠与，交付之前想清楚，交付之后原则上要不回	8	safety	安全与权益	law_fraud	法律、诈骗与维权	还在读书、正在找工作、刚开始工作、工作生活比较稳定、准备换个方向、要照顾家里人、退休或准备退休	否	考虑婚姻或处于婚姻关系	0	少	些	大	金钱	产品编辑：第 8 章主题 → 法律、诈骗与维权
source-8-24	彩礼走转账并备注，聊天记录留好；借婚姻要钱可以要回	8	safety	安全与权益	law_fraud	法律、诈骗与维权	还在读书、正在找工作、刚开始工作、工作生活比较稳定、准备换个方向、要照顾家里人、退休或准备退休	否	考虑婚姻或处于婚姻关系	0	少	否	大	金钱	产品编辑：第 8 章主题 → 法律、诈骗与维权
source-8-25	婚前财产不用怕，房子加名和父母出资先写清楚	8	safety	安全与权益	law_fraud	法律、诈骗与维权	还在读书、正在找工作、刚开始工作、工作生活比较稳定、准备换个方向、要照顾家里人、退休或准备退休	否	考虑婚姻或处于婚姻关系	少	中	些	大	金钱	产品编辑：第 8 章主题 → 法律、诈骗与维权
source-8-26	结婚前核对对方婚姻状况，以结婚为幌子骗钱的按诈骗罪追究	8	safety	安全与权益	law_fraud	法律、诈骗与维权	还在读书、正在找工作、刚开始工作、工作生活比较稳定、准备换个方向、要照顾家里人、退休或准备退休	否	考虑婚姻或处于婚姻关系	0	少	否	大	金钱	产品编辑：第 8 章主题 → 法律、诈骗与维权
source-8-27	上门维修、验车、装修，先问价再动手，全程在旁边看着	8	home	住房与家人	housing	租房与买房	还在读书、正在找工作、刚开始工作、工作生活比较稳定、准备换个方向、要照顾家里人、退休或准备退休	是		0	少	些	中	金钱	产品编辑：逐条标题与章节上下文确认 → 租房与买房
source-8-28	别当「挂名法人」，别把身份证借给人注册公司	8	safety	安全与权益	law_fraud	法律、诈骗与维权	还在读书、正在找工作、刚开始工作、工作生活比较稳定、准备换个方向、要照顾家里人、退休或准备退休	是		0	少	否	大	自由	产品编辑：第 8 章主题 → 法律、诈骗与维权
source-8-29	出入境不帮陌生人带东西，不代收来路不明的包裹	8	safety	安全与权益	accidents	出行与日常防护	还在读书、正在找工作、刚开始工作、工作生活比较稳定、准备换个方向、要照顾家里人、退休或准备退休	是		0	少	否	大	自由	产品编辑：逐条标题与章节上下文确认 → 出行与日常防护
source-8-30	养狗必须牵绳：不牵绳出了事是无过错责任（你有没有错都要赔），赔到底	8	safety	安全与权益	accidents	出行与日常防护	还在读书、正在找工作、刚开始工作、工作生活比较稳定、准备换个方向、要照顾家里人、退休或准备退休	是		0	少	些	大	金钱	产品编辑：逐条标题与章节上下文确认 → 出行与日常防护
source-8-31	对方喝到意识不清、睡着，或者可能不满 14 岁，就不要发生关系	8	safety	安全与权益	law_fraud	法律、诈骗与维权	还在读书、正在找工作、刚开始工作、工作生活比较稳定、准备换个方向、要照顾家里人、退休或准备退休	是		0	少	些	大	自由	产品编辑：第 8 章主题 → 法律、诈骗与维权
source-8-32	发生关系、裸聊之后对方拿报警、发照片、告诉你单位来要钱，一分钱不给，一条记录不删，直接报警	8	safety	安全与权益	law_fraud	法律、诈骗与维权	还在读书、正在找工作、刚开始工作、工作生活比较稳定、准备换个方向、要照顾家里人、退休或准备退休	是		0	少	些	大	金钱	产品编辑：第 8 章主题 → 法律、诈骗与维权
source-8-33	被人捏造事实举报，可以要求追究：够治安处罚的拘留 5 日起，够罪的判 3 年以下	8	safety	安全与权益	law_fraud	法律、诈骗与维权	还在读书、正在找工作、刚开始工作、工作生活比较稳定、准备换个方向、要照顾家里人、退休或准备退休	是		0	少	些	中	自由	产品编辑：第 8 章主题 → 法律、诈骗与维权
source-8-34	证据不足本来就应当判无罪，逼出来的口供应当排除；判了还有申诉和再审	8	safety	安全与权益	law_fraud	法律、诈骗与维权	还在读书、正在找工作、刚开始工作、工作生活比较稳定、准备换个方向、要照顾家里人、退休或准备退休	是		0	中	些	大	自由	产品编辑：第 8 章主题 → 法律、诈骗与维权
source-8-35	被羁押后撤案、不起诉或者判无罪的，去申请国家赔偿，按天算钱	8	safety	安全与权益	law_fraud	法律、诈骗与维权	还在读书、正在找工作、刚开始工作、工作生活比较稳定、准备换个方向、要照顾家里人、退休或准备退休	是		0	少	否	大	金钱	产品编辑：第 8 章主题 → 法律、诈骗与维权
source-8-36	自己是受害人去索赔，走 12315、起诉或者律师，别单独赴对方的约，别把「给钱」和「我不曝光」绑成一句话	8	safety	安全与权益	law_fraud	法律、诈骗与维权	还在读书、正在找工作、刚开始工作、工作生活比较稳定、准备换个方向、要照顾家里人、退休或准备退休	是		0	少	些	大	自由	产品编辑：第 8 章主题 → 法律、诈骗与维权
source-8-37	被网暴了：先开防护、先固证，再在平台、禁令、报警三条路里挑	8	safety	安全与权益	law_fraud	法律、诈骗与维权	还在读书、正在找工作、刚开始工作、工作生活比较稳定、准备换个方向、要照顾家里人、退休或准备退休	是		0	中	些	中	自由	产品编辑：第 8 章主题 → 法律、诈骗与维权
source-8-38	「先给人买保险再动手」这条路法律上从头堵死：钱一分拿不到，罪按故意杀人加保险诈骗数罪并罚	8	safety	安全与权益	law_fraud	法律、诈骗与维权	还在读书、正在找工作、刚开始工作、工作生活比较稳定、准备换个方向、要照顾家里人、退休或准备退休	是		0	少	否	大	自由	产品编辑：第 8 章主题 → 法律、诈骗与维权
source-8-39	报警当场要受案回执，不立案要书面通知：7 日内可申请复议，再 7 日可申请复核，检察院能通知公安立案	8	safety	安全与权益	law_fraud	法律、诈骗与维权	还在读书、正在找工作、刚开始工作、工作生活比较稳定、准备换个方向、要照顾家里人、退休或准备退休	是		0	少	些	中	自由	产品编辑：第 8 章主题 → 法律、诈骗与维权
source-8-40	别给办案、执法的人送钱送卡：行贿自己也判，对监察、执法、司法人员行贿还要从重	8	safety	安全与权益	law_fraud	法律、诈骗与维权	还在读书、正在找工作、刚开始工作、工作生活比较稳定、准备换个方向、要照顾家里人、退休或准备退休	是		0	少	否	大	自由	产品编辑：第 8 章主题 → 法律、诈骗与维权
source-8-41	可能翻脸的电话和面谈，直接开录音：自己参加的谈话，不用先征得对方同意	8	safety	安全与权益	law_fraud	法律、诈骗与维权	还在读书、正在找工作、刚开始工作、工作生活比较稳定、准备换个方向、要照顾家里人、退休或准备退休	是		0	少	否	中	金钱	产品编辑：第 8 章主题 → 法律、诈骗与维权
source-8-42	现场出了事，先拍全景，再拍位置关系，最后拍损坏和伤情，原图原视频别删	8	safety	安全与权益	law_fraud	法律、诈骗与维权	还在读书、正在找工作、刚开始工作、工作生活比较稳定、准备换个方向、要照顾家里人、退休或准备退休	是		0	少	否	中	金钱	产品编辑：第 8 章主题 → 法律、诈骗与维权
source-8-43	被家暴了：先报警留下出警记录，再去法院申请人身安全保护令，不用先离婚，也不收费	8	safety	安全与权益	law_fraud	法律、诈骗与维权	还在读书、正在找工作、刚开始工作、工作生活比较稳定、准备换个方向、要照顾家里人、退休或准备退休	否	考虑婚姻或处于婚姻关系	0	中	是	大	自由	产品编辑：第 8 章主题 → 法律、诈骗与维权
source-9-1	群里不转发不知真假的灾情、疫情、警情消息，不 P 图、不用 AI 造现场图	9	safety	安全与权益	law_fraud	法律、诈骗与维权	还在读书、正在找工作、刚开始工作、工作生活比较稳定、准备换个方向、要照顾家里人、退休或准备退休	是		0	少	些	大	自由	产品编辑：第 9 章主题 → 法律、诈骗与维权
source-9-2	不发、不转侮辱英烈的图片、表情包和评论，不拿国旗国歌开玩笑	9	safety	安全与权益	law_fraud	法律、诈骗与维权	还在读书、正在找工作、刚开始工作、工作生活比较稳定、准备换个方向、要照顾家里人、退休或准备退休	是		0	少	些	大	自由	产品编辑：第 9 章主题 → 法律、诈骗与维权
source-9-3	境外网站上的东西看完就关，不截图、不转发、不搬进群里，也不在评论区跟着说	9	safety	安全与权益	law_fraud	法律、诈骗与维权	还在读书、正在找工作、刚开始工作、工作生活比较稳定、准备换个方向、要照顾家里人、退休或准备退休	是		0	少	些	大	自由	产品编辑：第 9 章主题 → 法律、诈骗与维权
source-9-4	黄色视频自己看归自己，别往群里发、别卖「资源」、别建群	9	safety	安全与权益	law_fraud	法律、诈骗与维权	还在读书、正在找工作、刚开始工作、工作生活比较稳定、准备换个方向、要照顾家里人、退休或准备退休	是		0	少	否	大	自由	产品编辑：第 9 章主题 → 法律、诈骗与维权
source-9-5	「兼职」要你用自己的卡收钱、取现、转账，不管给多少好处费都不做	9	safety	安全与权益	law_fraud	法律、诈骗与维权	还在读书、正在找工作、刚开始工作、工作生活比较稳定、准备换个方向、要照顾家里人、退休或准备退休	是		0	少	否	大	自由	产品编辑：第 9 章主题 → 法律、诈骗与维权
source-9-6	有人拉你去「包装材料」贷款、按贷款额分你好处费，一个都不做	9	safety	安全与权益	law_fraud	法律、诈骗与维权	还在读书、正在找工作、刚开始工作、工作生活比较稳定、准备换个方向、要照顾家里人、退休或准备退休	是		0	少	否	大	自由	产品编辑：第 9 章主题 → 法律、诈骗与维权
source-9-7	捡到银行卡不取钱，捡到手机、钱包联系失主或交给警察，不揣走	9	safety	安全与权益	law_fraud	法律、诈骗与维权	还在读书、正在找工作、刚开始工作、工作生活比较稳定、准备换个方向、要照顾家里人、退休或准备退休	是		0	少	否	大	自由	产品编辑：第 9 章主题 → 法律、诈骗与维权
source-9-8	优惠用自己的真实身份领，不买虚拟号批量注册小号，不靠漏洞重复领	9	safety	安全与权益	law_fraud	法律、诈骗与维权	还在读书、正在找工作、刚开始工作、工作生活比较稳定、准备换个方向、要照顾家里人、退休或准备退休	是		0	少	些	大	自由	产品编辑：第 9 章主题 → 法律、诈骗与维权
source-9-9	阳台、窗户不往外扔任何东西，烟头、垃圾袋、酒瓶都算	9	safety	安全与权益	law_fraud	法律、诈骗与维权	还在读书、正在找工作、刚开始工作、工作生活比较稳定、准备换个方向、要照顾家里人、退休或准备退休	是		0	少	否	大	自由	产品编辑：第 9 章主题 → 法律、诈骗与维权
source-9-10	不网购仿真枪、钢珠枪、气枪，不买来路不明的「玩具枪」	9	safety	安全与权益	law_fraud	法律、诈骗与维权	还在读书、正在找工作、刚开始工作、工作生活比较稳定、准备换个方向、要照顾家里人、退休或准备退休	是		0	少	否	大	自由	产品编辑：第 9 章主题 → 法律、诈骗与维权
source-9-11	买了无人机先实名登记，机场、军事区和城市管制空域不飞，不破解限高	9	safety	安全与权益	law_fraud	法律、诈骗与维权	还在读书、正在找工作、刚开始工作、工作生活比较稳定、准备换个方向、要照顾家里人、退休或准备退休	是		0	少	否	中	自由	产品编辑：第 9 章主题 → 法律、诈骗与维权
source-9-12	不偷拍别人，不在出租屋、民宿、酒店房间装摄像头	9	safety	安全与权益	law_fraud	法律、诈骗与维权	还在读书、正在找工作、刚开始工作、工作生活比较稳定、准备换个方向、要照顾家里人、退休或准备退休	是		0	少	否	大	自由	产品编辑：第 9 章主题 → 法律、诈骗与维权
source-9-13	麻将、扑克可以打，不抽头、不当庄、不组局收钱，不玩网络赌博	9	safety	安全与权益	law_fraud	法律、诈骗与维权	还在读书、正在找工作、刚开始工作、工作生活比较稳定、准备换个方向、要照顾家里人、退休或准备退休	是		0	少	些	大	自由	产品编辑：第 9 章主题 → 法律、诈骗与维权
source-9-14	不吃野味，不买卖、不养保护动物当宠物	9	safety	安全与权益	law_fraud	法律、诈骗与维权	还在读书、正在找工作、刚开始工作、工作生活比较稳定、准备换个方向、要照顾家里人、退休或准备退休	是		0	少	否	大	自由	产品编辑：第 9 章主题 → 法律、诈骗与维权
source-9-15	要债不扣人、不关人、不跟到家里赖着不让走	9	safety	安全与权益	law_fraud	法律、诈骗与维权	还在读书、正在找工作、刚开始工作、工作生活比较稳定、准备换个方向、要照顾家里人、退休或准备退休	是		0	少	些	大	自由	产品编辑：第 9 章主题 → 法律、诈骗与维权
source-9-16	身份证不借人，不用别人的身份证，也不拿别人的证件登记、开卡、买票	9	safety	安全与权益	law_fraud	法律、诈骗与维权	还在读书、正在找工作、刚开始工作、工作生活比较稳定、准备换个方向、要照顾家里人、退休或准备退休	是		0	少	否	大	自由	产品编辑：第 9 章主题 → 法律、诈骗与维权
source-9-17	被警察拦下或带走时配合，不推、不打、不抢执法记录仪，喝了酒更要忍	9	safety	安全与权益	law_fraud	法律、诈骗与维权	还在读书、正在找工作、刚开始工作、工作生活比较稳定、准备换个方向、要照顾家里人、退休或准备退休	是		0	少	些	大	自由	产品编辑：第 9 章主题 → 法律、诈骗与维权
source-9-18	对方不满 14 岁就不能发生关系，「她同意」不是理由	9	safety	安全与权益	law_fraud	法律、诈骗与维权	还在读书、正在找工作、刚开始工作、工作生活比较稳定、准备换个方向、要照顾家里人、退休或准备退休	是		0	少	否	大	自由	产品编辑：第 9 章主题 → 法律、诈骗与维权
source-9-19	动手打人前算清这笔账：拘留、赔钱、判刑	9	safety	安全与权益	law_fraud	法律、诈骗与维权	还在读书、正在找工作、刚开始工作、工作生活比较稳定、准备换个方向、要照顾家里人、退休或准备退休	是		0	少	些	大	自由	产品编辑：第 9 章主题 → 法律、诈骗与维权
source-9-20	孩子生下来养不了，只有民政登记这一条合法出路：收钱把孩子给人可能按拐卖罪判，扔下不管是遗弃罪	9	safety	安全与权益	law_fraud	法律、诈骗与维权	要照顾家里人	否	照顾未成年孩子	0	中	否	大	自由	产品编辑：第 9 章主题 → 法律、诈骗与维权
source-9-21	别伪造事故、别夸大损失骗理赔：这是保险诈骗罪，帮你作证、帮你修车、帮你鉴定的人一起算	9	safety	安全与权益	law_fraud	法律、诈骗与维权	还在读书、正在找工作、刚开始工作、工作生活比较稳定、准备换个方向、要照顾家里人、退休或准备退休	是		0	少	否	大	自由	产品编辑：第 9 章主题 → 法律、诈骗与维权
source-9-22	不卖自己的器官，也别帮人找供体：肾到手 2 万多，同一枚转手卖 20 万，钱要被没收还要按交易额罚 10 到 20 倍	9	safety	安全与权益	law_fraud	法律、诈骗与维权	还在读书、正在找工作、刚开始工作、工作生活比较稳定、准备换个方向、要照顾家里人、退休或准备退休	是		0	少	否	大	自由	产品编辑：第 9 章主题 → 法律、诈骗与维权
source-9-23	别嫖娼：默认档是拘留 10 到 15 日，不是罚点钱了事	9	safety	安全与权益	law_fraud	法律、诈骗与维权	还在读书、正在找工作、刚开始工作、工作生活比较稳定、准备换个方向、要照顾家里人、退休或准备退休	是		0	少	些	中	自由	产品编辑：第 9 章主题 → 法律、诈骗与维权
source-10-1	认识更多人，而不是死磕一个：两个人合不合得来，见面之前预测不出来	10	relations	相处与关系	dating	认识与交往	还在读书、正在找工作、刚开始工作、工作生活比较稳定、准备换个方向、要照顾家里人、退休或准备退休	是		0	中	些	中	时间	产品编辑：逐条标题与章节上下文确认 → 认识与交往
source-10-2	对方明确拒绝之后就停下，继续纠缠是治安违法，不是「诚意」	10	relations	相处与关系	dating	认识与交往	还在读书、正在找工作、刚开始工作、工作生活比较稳定、准备换个方向、要照顾家里人、退休或准备退休	是		0	少	是	中	自由	产品编辑：逐条标题与章节上下文确认 → 认识与交往
source-10-3	判断对方有没有兴趣，看行为不看「信号」：谁主动、谁安排、谁跟进	10	relations	相处与关系	dating	认识与交往	还在读书、正在找工作、刚开始工作、工作生活比较稳定、准备换个方向、要照顾家里人、退休或准备退休	是		0	少	些	中	时间	产品编辑：逐条标题与章节上下文确认 → 认识与交往
source-10-4	关系好不好，主要看你自己在这段关系里的感受，不是看对方条件	10	relations	相处与关系	dating	认识与交往	还在读书、正在找工作、刚开始工作、工作生活比较稳定、准备换个方向、要照顾家里人、退休或准备退休	是		0	少	些	中	时间	产品编辑：逐条标题与章节上下文确认 → 认识与交往
source-10-5	想拉近距离就轮流回答一组由浅入深的问题，别学话术	10	relations	相处与关系	dating	认识与交往	还在读书、正在找工作、刚开始工作、工作生活比较稳定、准备换个方向、要照顾家里人、退休或准备退休	是		0	少	否	小	时间	产品编辑：逐条标题与章节上下文确认 → 认识与交往
source-10-6	异地不比同城差，真正的坎是搬到一起之后的头三个月	10	relations	相处与关系	dating	认识与交往	还在读书、正在找工作、刚开始工作、工作生活比较稳定、准备换个方向、要照顾家里人、退休或准备退休	是		多	多	是	中	时间	产品编辑：逐条标题与章节上下文确认 → 认识与交往
source-10-7	先看登记数据再听长辈：结婚率、离婚率各是什么口径	10	relations	相处与关系	partnership	婚姻与共同生活	还在读书、正在找工作、刚开始工作、工作生活比较稳定、准备换个方向、要照顾家里人、退休或准备退休	否	考虑婚姻或处于婚姻关系	0	少	否	小	时间	产品编辑：第 10 章主题 → 婚姻与共同生活
source-10-8	把健康收益算进去，但按观察性数据打折	10	relations	相处与关系	partnership	婚姻与共同生活	还在读书、正在找工作、刚开始工作、工作生活比较稳定、准备换个方向、要照顾家里人、退休或准备退休	是		0	少	否	小	死亡率	产品编辑：第 10 章主题 → 婚姻与共同生活
source-10-9	时间账按「无酬劳动」算，谈清分工再领证	10	relations	相处与关系	partnership	婚姻与共同生活	还在读书、正在找工作、刚开始工作、工作生活比较稳定、准备换个方向、要照顾家里人、退休或准备退休	否	考虑婚姻或处于婚姻关系	0	中	些	大	时间	产品编辑：第 10 章主题 → 婚姻与共同生活
source-10-10	钱账先看法律默认规则，再决定要不要书面约定	10	relations	相处与关系	partnership	婚姻与共同生活	还在读书、正在找工作、刚开始工作、工作生活比较稳定、准备换个方向、要照顾家里人、退休或准备退休	是		0	中	些	大	金钱	产品编辑：第 10 章主题 → 婚姻与共同生活
source-10-11	父母出资买房，在转账的时候就把是借是送写清楚	10	relations	相处与关系	partnership	婚姻与共同生活	还在读书、正在找工作、刚开始工作、工作生活比较稳定、准备换个方向、要照顾家里人、退休或准备退休	否	购房或持有住房贷款	0	少	否	大	金钱	产品编辑：第 10 章主题 → 婚姻与共同生活
source-10-12	配偶一方大额借的钱，你没签字也没追认，不自动变成你的债	10	relations	相处与关系	partnership	婚姻与共同生活	还在读书、正在找工作、刚开始工作、工作生活比较稳定、准备换个方向、要照顾家里人、退休或准备退休	否	考虑婚姻或处于婚姻关系	0	少	些	大	金钱	产品编辑：第 10 章主题 → 婚姻与共同生活
source-10-13	领证只要身份证加一份签字声明，不用户口簿，不收钱，当场发证	10	relations	相处与关系	partnership	婚姻与共同生活	还在读书、正在找工作、刚开始工作、工作生活比较稳定、准备换个方向、要照顾家里人、退休或准备退休	否	考虑婚姻或处于婚姻关系	0	少	否	小	金钱	产品编辑：第 10 章主题 → 婚姻与共同生活
source-10-14	婚前做一次婚检，有重大疾病必须在登记前如实告诉对方	10	relations	相处与关系	partnership	婚姻与共同生活	还在读书、正在找工作、刚开始工作、工作生活比较稳定、准备换个方向、要照顾家里人、退休或准备退休	否	考虑婚姻或处于婚姻关系	少	少	否	中	死亡率	产品编辑：第 10 章主题 → 婚姻与共同生活
source-10-15	情绪价值别只问「有没有」，要看关系质量	10	relations	相处与关系	social	相处、边界与支持	还在读书、正在找工作、刚开始工作、工作生活比较稳定、准备换个方向、要照顾家里人、退休或准备退休	是		0	中	些	中	时间	产品编辑：逐条标题与章节上下文确认 → 相处、边界与支持
source-10-16	算退出成本：协议离婚有 30 天冷静期，诉讼离婚有法定条件	10	relations	相处与关系	partnership	婚姻与共同生活	还在读书、正在找工作、刚开始工作、工作生活比较稳定、准备换个方向、要照顾家里人、退休或准备退休	否	考虑婚姻或处于婚姻关系	0	中	些	大	金钱	产品编辑：第 10 章主题 → 婚姻与共同生活
source-10-17	给「为长辈结婚」单独记一笔账，别和自己的账混在一起	10	relations	相处与关系	partnership	婚姻与共同生活	还在读书、正在找工作、刚开始工作、工作生活比较稳定、准备换个方向、要照顾家里人、退休或准备退休	是		0	少	些	中	时间	产品编辑：第 10 章主题 → 婚姻与共同生活
source-10-18	把关系好坏当成一笔健康账：吵架对事不对人，别骂人、别挖苦	10	relations	相处与关系	social	相处、边界与支持	还在读书、正在找工作、刚开始工作、工作生活比较稳定、准备换个方向、要照顾家里人、退休或准备退休	是		0	少	些	小	死亡率	产品编辑：逐条标题与章节上下文确认 → 相处、边界与支持
source-11-1	动手前先问三句：损害了谁的利益、对方多有能力追究、我留了多少证据；被追究后马上找刑事律师	11	safety	安全与权益	professional_law	技术与平台责任	刚开始工作、工作生活比较稳定、准备换个方向	否	从事程序开发或技术工作	0	少	些	大	自由	产品编辑：第 11 章主题 → 技术与平台责任
source-11-2	不做、不卖游戏外挂和辅助，包括「只读屏幕不碰内存」的 AI 辅助	11	safety	安全与权益	professional_law	技术与平台责任	刚开始工作、工作生活比较稳定、准备换个方向	否	从事程序开发或技术工作	0	少	些	大	自由	产品编辑：第 11 章主题 → 技术与平台责任
source-11-3	不写、不卖抢票、秒杀、刷单、薅羊毛脚本，哪怕只是「自动化点按钮」	11	safety	安全与权益	professional_law	技术与平台责任	刚开始工作、工作生活比较稳定、准备换个方向	否	从事程序开发或技术工作	0	少	否	大	自由	产品编辑：第 11 章主题 → 技术与平台责任
source-11-4	爬虫只爬无需登录的公开页面，不绕反爬、不碰个人信息，爬到的数据不卖	11	safety	安全与权益	professional_law	技术与平台责任	刚开始工作、工作生活比较稳定、准备换个方向	否	从事程序开发或技术工作	0	少	些	大	自由	产品编辑：第 11 章主题 → 技术与平台责任
source-11-5	不接赌博、诈骗、色情 App 的开发单，不替「客户」搭支付通道、解封账号	11	safety	安全与权益	professional_law	技术与平台责任	刚开始工作、工作生活比较稳定、准备换个方向	否	从事程序开发或技术工作	0	少	些	大	自由	产品编辑：第 11 章主题 → 技术与平台责任
source-11-6	离职时交清账号权限，不删库、不留后门、不改密码锁系统，哪怕公司欠你钱	11	safety	安全与权益	professional_law	技术与平台责任	刚开始工作、工作生活比较稳定、准备换个方向	否	从事程序开发或技术工作	0	少	些	大	自由	产品编辑：第 11 章主题 → 技术与平台责任
source-11-7	离职不带走源码、客户名单和技术文档，不上传个人网盘，不在下家复用	11	safety	安全与权益	professional_law	技术与平台责任	刚开始工作、工作生活比较稳定、准备换个方向	否	从事程序开发或技术工作	0	少	些	大	自由	产品编辑：第 11 章主题 → 技术与平台责任
source-11-8	不在别人的电脑、服务器、摄像头上跑自己的程序，公司机器不拿来挖矿	11	safety	安全与权益	professional_law	技术与平台责任	刚开始工作、工作生活比较稳定、准备换个方向	否	从事程序开发或技术工作	0	少	否	大	自由	产品编辑：第 11 章主题 → 技术与平台责任
source-11-9	没有书面授权不测别人的系统，「出于好意」和「事后上报」都不是出罪理由	11	safety	安全与权益	professional_law	技术与平台责任	刚开始工作、工作生活比较稳定、准备换个方向	否	从事程序开发或技术工作	0	少	些	大	自由	产品编辑：第 11 章主题 → 技术与平台责任
source-11-10	漏洞按规定报送，修补前不公开细节、不发利用工具、不交给境外	11	safety	安全与权益	professional_law	技术与平台责任	刚开始工作、工作生活比较稳定、准备换个方向	否	从事程序开发或技术工作	0	少	否	中	自由	产品编辑：第 11 章主题 → 技术与平台责任
source-11-11	不卖翻墙工具、VPN 账号，不替人搭这类节点	11	safety	安全与权益	professional_law	技术与平台责任	刚开始工作、工作生活比较稳定、准备换个方向	否	从事程序开发或技术工作	0	少	否	大	自由	产品编辑：第 11 章主题 → 技术与平台责任
source-11-12	签了竞业协议，离职后公司不按月给补偿就书面催告，满 3 个月没给可以解除；没接触过商业秘密的岗位可请求确认条款不生效	11	safety	安全与权益	professional_law	技术与平台责任	刚开始工作、工作生活比较稳定、准备换个方向	否	从事程序开发或技术工作	0	少	否	中	金钱	产品编辑：第 11 章主题 → 技术与平台责任
source-11-13	上班时间、用公司资源写的代码归公司，自己的开源项目用自己的时间和设备做，不混公司代码	11	safety	安全与权益	professional_law	技术与平台责任	刚开始工作、工作生活比较稳定、准备换个方向	否	从事程序开发或技术工作	0	少	些	中	金钱	产品编辑：第 11 章主题 → 技术与平台责任
source-11-14	用 GPL 等开源代码做产品，按许可证要求开源或换许可证，不当「没人管」	11	safety	安全与权益	professional_law	技术与平台责任	刚开始工作、工作生活比较稳定、准备换个方向	否	从事程序开发或技术工作	0	少	些	中	金钱	产品编辑：第 11 章主题 → 技术与平台责任
source-11-15	做 App 只收业务必需的个人信息，14 岁以下要监护人同意，隐私政策写清楚	11	safety	安全与权益	professional_law	技术与平台责任	刚开始工作、工作生活比较稳定、准备换个方向	否	从事程序开发或技术工作	0	少	些	中	自由	产品编辑：第 11 章主题 → 技术与平台责任
source-11-16	网站、App 上线前先做 ICP 备案，按等级保护要求留 6 个月以上日志	11	safety	安全与权益	professional_law	技术与平台责任	刚开始工作、工作生活比较稳定、准备换个方向	否	从事程序开发或技术工作	少	中	否	中	自由	产品编辑：第 11 章主题 → 技术与平台责任
source-11-17	对公众提供生成式 AI 服务前先按规定做安全评估和算法备案，生成内容加标识	11	safety	安全与权益	professional_law	技术与平台责任	刚开始工作、工作生活比较稳定、准备换个方向	否	从事程序开发或技术工作	0	中	否	中	自由	产品编辑：第 11 章主题 → 技术与平台责任
source-12-1	只拿亏得起的钱创业，不动家底、不借钱开张	12	work	工作与学习	business	经营与创业	刚开始工作、工作生活比较稳定、准备换个方向	否	经营生意或准备创业	0	少	些	大	金钱	产品编辑：第 12 章主题 → 经营与创业
source-12-2	不给公司贷款签个人担保，配偶更不要跟着签	12	work	工作与学习	business	经营与创业	刚开始工作、工作生活比较稳定、准备换个方向	否	经营生意或准备创业、考虑婚姻或处于婚姻关系	0	少	些	大	金钱	产品编辑：第 12 章主题 → 经营与创业
source-12-3	开张前选对主体：个体户和合伙人赔到底，有限公司才「有限」	12	work	工作与学习	business	经营与创业	刚开始工作、工作生活比较稳定、准备换个方向	否	经营生意或准备创业	少	中	否	大	金钱	产品编辑：第 12 章主题 → 经营与创业
source-12-4	不当挂名股东，不替人代持股权	12	work	工作与学习	business	经营与创业	刚开始工作、工作生活比较稳定、准备换个方向	否	经营生意或准备创业	0	少	否	大	金钱	产品编辑：第 12 章主题 → 经营与创业
source-12-5	加盟前先查商务部备案，拿到书面披露，把「冷静期」写进合同	12	work	工作与学习	business	经营与创业	刚开始工作、工作生活比较稳定、准备换个方向	否	经营生意或准备创业	0	中	否	大	金钱	产品编辑：第 12 章主题 → 经营与创业
source-12-6	注册前把名称、经营场所、经营范围和注册资本定下来，材料齐了当场就能领执照	12	work	工作与学习	business	经营与创业	刚开始工作、工作生活比较稳定、准备换个方向	否	经营生意或准备创业	0	中	否	中	金钱	产品编辑：第 12 章主题 → 经营与创业
source-12-7	要许可证的行当，证没下来不开张	12	work	工作与学习	business	经营与创业	刚开始工作、工作生活比较稳定、准备换个方向	否	经营生意或准备创业	0	中	否	大	自由	产品编辑：第 12 章主题 → 经营与创业
source-12-8	做食品先看自己落在哪一档：生产和做餐饮要许可，只卖预包装的改备案，卖生鲜肉菜不用证	12	work	工作与学习	business	经营与创业	刚开始工作、工作生活比较稳定、准备换个方向	否	经营生意或准备创业	少	中	否	中	自由	产品编辑：第 12 章主题 → 经营与创业
source-12-9	装袋卖就是预包装食品：标签上生产日期、保质期、配料表一样都不能少	12	work	工作与学习	business	经营与创业	刚开始工作、工作生活比较稳定、准备换个方向	否	经营生意或准备创业	少	中	否	中	自由	产品编辑：第 12 章主题 → 经营与创业
source-12-10	普通食品不许说能治病：标签、说明书、广告和直播话术都算	12	work	工作与学习	business	经营与创业	刚开始工作、工作生活比较稳定、准备换个方向	否	经营生意或准备创业	0	少	些	中	自由	产品编辑：第 12 章主题 → 经营与创业
source-12-11	食品这一行有刑事线：卖病死肉、超标货就够罪，掺了有毒有害的不看金额、起刑五年	12	work	工作与学习	business	经营与创业	刚开始工作、工作生活比较稳定、准备换个方向	否	经营生意或准备创业	0	少	否	大	自由	产品编辑：第 12 章主题 → 经营与创业
source-12-12	领了执照就开始有申报义务，没有收入也要按期零申报（照报一张全是零的表）	12	work	工作与学习	business	经营与创业	刚开始工作、工作生活比较稳定、准备换个方向	否	经营生意或准备创业	0	中	些	中	金钱	产品编辑：第 12 章主题 → 经营与创业
source-12-13	发票只按真实交易开，小规模纳税人用足免税额	12	work	工作与学习	business	经营与创业	刚开始工作、工作生活比较稳定、准备换个方向	否	经营生意或准备创业	0	少	否	大	自由	产品编辑：第 12 章主题 → 经营与创业
source-12-14	自称税务局催你交钱报税的都是骗子，办税只走电子税务局和 12366	12	safety	安全与权益	law_fraud	法律、诈骗与维权	刚开始工作、工作生活比较稳定、准备换个方向	否	经营生意或准备创业	0	少	否	中	金钱	产品编辑：逐条标题与章节上下文确认 → 法律、诈骗与维权
source-12-15	收钱写「定金」不写「订金」，违约金写明数，账期当放贷来审	12	work	工作与学习	business	经营与创业	刚开始工作、工作生活比较稳定、准备换个方向	否	经营生意或准备创业	0	少	否	大	金钱	产品编辑：第 12 章主题 → 经营与创业
source-12-16	用人第一个月内签书面合同，30 日内办社保登记	12	work	工作与学习	labor_rights	在职、离职与工伤	刚开始工作、工作生活比较稳定、准备换个方向	否	经营生意或准备创业	多	少	否	大	金钱	产品编辑：逐条标题与章节上下文确认 → 在职、离职与工伤
source-12-17	工资按合同和法律给，加薪、借款、奖金都走书面	12	work	工作与学习	labor_rights	在职、离职与工伤	刚开始工作、工作生活比较稳定、准备换个方向	否	经营生意或准备创业	0	少	些	中	金钱	产品编辑：逐条标题与章节上下文确认 → 在职、离职与工伤
source-12-18	先卖再造：用预售和小订单验证有人买，再投钱生产	12	work	工作与学习	business	经营与创业	刚开始工作、工作生活比较稳定、准备换个方向	否	经营生意或准备创业	少	中	些	大	金钱	产品编辑：第 12 章主题 → 经营与创业
source-12-19	样品做出来先过一遍量产清单，再谈开工	12	work	工作与学习	business	经营与创业	刚开始工作、工作生活比较稳定、准备换个方向	否	经营生意或准备创业	少	中	些	大	金钱	产品编辑：第 12 章主题 → 经营与创业
source-12-20	进货一批留一批票据和上家信息，进货价明显低于市场价的不进：员工进的假货，老板是被判的那个	12	safety	安全与权益	law_fraud	法律、诈骗与维权	刚开始工作、工作生活比较稳定、准备换个方向	否	经营生意或准备创业	0	少	些	大	自由	产品编辑：逐条标题与章节上下文确认 → 法律、诈骗与维权
source-12-21	商品、包装、吊牌和宣传图上的图案要么自己做要么买授权，改个颜色、加个图标不算「改过了」	12	safety	安全与权益	law_fraud	法律、诈骗与维权	刚开始工作、工作生活比较稳定、准备换个方向	否	经营生意或准备创业	少	少	些	大	自由	产品编辑：逐条标题与章节上下文确认 → 法律、诈骗与维权
source-12-22	在岗位上按规程办事，规程之外的好意先想清楚责任归谁	12	work	工作与学习	labor_rights	在职、离职与工伤	刚开始工作、工作生活比较稳定、准备换个方向	否	经营生意或准备创业	0	少	些	中	自由	产品编辑：逐条标题与章节上下文确认 → 在职、离职与工伤
source-12-23	亏了就按程序退场：能简易注销就注销，资不抵债走破产，别放着不管	12	work	工作与学习	business	经营与创业	刚开始工作、工作生活比较稳定、准备换个方向	否	经营生意或准备创业	0	中	些	大	金钱	产品编辑：第 12 章主题 → 经营与创业
source-13-1	有人倒地没呼吸，立刻用力按压胸口，让旁人打 120 并找 AED	13	safety	安全与权益	first_aid	紧急情况与急救	还在读书、正在找工作、刚开始工作、工作生活比较稳定、准备换个方向、要照顾家里人、退休或准备退休	是		0	中	否	大	死亡率	产品编辑：第 13 章主题 → 紧急情况与急救
source-13-2	老人摔倒、有人倒地，先蹲下喊他、打 120，别急着把人扶起来；陌生人这档走开也合法，停下来就别上手搬	13	safety	安全与权益	first_aid	紧急情况与急救	要照顾家里人、退休或准备退休	否	原文涉及老年人	0	少	些	大	死亡率	产品编辑：第 13 章主题 → 紧急情况与急救
source-13-3	突然嘴歪、一侧胳膊没劲、说话说不清，立刻打 120，不要等、不要自己开车去	13	safety	安全与权益	first_aid	紧急情况与急救	还在读书、正在找工作、刚开始工作、工作生活比较稳定、准备换个方向、要照顾家里人、退休或准备退休	否	驾驶或有车辆保险需求	0	少	否	大	死亡率	产品编辑：第 13 章主题 → 紧急情况与急救
source-13-4	突然天旋地转站不稳、看东西成双、一只眼发黑，或者手指点不到自己鼻尖，也按卒中打 120	13	safety	安全与权益	first_aid	紧急情况与急救	还在读书、正在找工作、刚开始工作、工作生活比较稳定、准备换个方向、要照顾家里人、退休或准备退休	是		0	少	否	大	死亡率	产品编辑：第 13 章主题 → 紧急情况与急救
source-13-5	一只眼睛突然像拉下窗帘一样黑掉，哪怕几分钟就自己好了，也当天按卒中去急诊	13	safety	安全与权益	first_aid	紧急情况与急救	还在读书、正在找工作、刚开始工作、工作生活比较稳定、准备换个方向、要照顾家里人、退休或准备退休	是		0	中	否	大	死亡率	产品编辑：第 13 章主题 → 紧急情况与急救
source-13-6	一只眼又胀又痛、发红，看灯有一圈彩虹，还头痛恶心想吐，当天去眼科急诊	13	safety	安全与权益	first_aid	紧急情况与急救	还在读书、正在找工作、刚开始工作、工作生活比较稳定、准备换个方向、要照顾家里人、退休或准备退休	是		0	中	否	大	死亡率	产品编辑：第 13 章主题 → 紧急情况与急救
source-13-7	胸口压着疼、闷、发紧超过 15 分钟不缓解，打 120，不要自己扛也不要自己开车	13	safety	安全与权益	first_aid	紧急情况与急救	还在读书、正在找工作、刚开始工作、工作生活比较稳定、准备换个方向、要照顾家里人、退休或准备退休	否	驾驶或有车辆保险需求	0	少	否	大	死亡率	产品编辑：第 13 章主题 → 紧急情况与急救
source-13-8	突然像被撕开一样的剧痛，从胸口往后背、往腰一路挪，打 120 并说清「疼在移动」	13	safety	安全与权益	first_aid	紧急情况与急救	还在读书、正在找工作、刚开始工作、工作生活比较稳定、准备换个方向、要照顾家里人、退休或准备退休	是		0	少	否	大	死亡率	产品编辑：第 13 章主题 → 紧急情况与急救
source-13-9	突然一记「这辈子最疼的头痛」，一小时内就到最疼，立刻去急诊做头颅 CT	13	safety	安全与权益	first_aid	紧急情况与急救	还在读书、正在找工作、刚开始工作、工作生活比较稳定、准备换个方向、要照顾家里人、退休或准备退休	是		少	中	否	大	死亡率	产品编辑：第 13 章主题 → 紧急情况与急救
source-13-10	老人磕过头之后两三周到几个月变得走路不稳、迟钝、嗜睡或者一侧没劲，去做头颅 CT	13	safety	安全与权益	first_aid	紧急情况与急救	要照顾家里人、退休或准备退休	否	原文涉及老年人	少	中	否	大	死亡率	产品编辑：第 13 章主题 → 紧急情况与急救
source-13-11	一条腿突然肿起来、发紧、按着疼，尽快就医；再加上突然喘不上气或者胸痛，立刻打 120	13	safety	安全与权益	first_aid	紧急情况与急救	还在读书、正在找工作、刚开始工作、工作生活比较稳定、准备换个方向、要照顾家里人、退休或准备退休	是		少	中	否	大	死亡率	产品编辑：第 13 章主题 → 紧急情况与急救
source-13-12	大出血先用手死死压住伤口，四肢压不住就上止血带，同时打 120	13	safety	安全与权益	first_aid	紧急情况与急救	还在读书、正在找工作、刚开始工作、工作生活比较稳定、准备换个方向、要照顾家里人、退休或准备退休	是		少	中	否	大	死亡率	产品编辑：第 13 章主题 → 紧急情况与急救
source-13-13	被狗、猫咬伤或抓破皮，先用肥皂水和流水交替冲 15 分钟，当天去打疫苗	13	safety	安全与权益	first_aid	紧急情况与急救	还在读书、正在找工作、刚开始工作、工作生活比较稳定、准备换个方向、要照顾家里人、退休或准备退休	是		少	少	否	大	死亡率	产品编辑：第 13 章主题 → 紧急情况与急救
source-13-14	烫伤后立刻用凉的流动水冲 20 分钟，别抹牙膏酱油	13	safety	安全与权益	first_aid	紧急情况与急救	还在读书、正在找工作、刚开始工作、工作生活比较稳定、准备换个方向、要照顾家里人、退休或准备退休	是		0	少	否	大	死亡率	产品编辑：第 13 章主题 → 紧急情况与急救
source-13-15	突然全身起疹、喘不上气或者发晕，按过敏性休克处理，立刻叫 120 并说清楚	13	safety	安全与权益	first_aid	紧急情况与急救	还在读书、正在找工作、刚开始工作、工作生活比较稳定、准备换个方向、要照顾家里人、退休或准备退休	是		0	少	否	大	死亡率	产品编辑：第 13 章主题 → 紧急情况与急救
source-13-16	有人抽搐倒地，清开周围、让他侧躺、看表计时，什么都别往嘴里塞	13	safety	安全与权益	first_aid	紧急情况与急救	还在读书、正在找工作、刚开始工作、工作生活比较稳定、准备换个方向、要照顾家里人、退休或准备退休	是		0	少	否	中	死亡率	产品编辑：第 13 章主题 → 紧急情况与急救
source-13-17	糖尿病人突然发抖、出冷汗、说话不清，先给 15 克糖，15 分钟后复测	13	safety	安全与权益	first_aid	紧急情况与急救	还在读书、正在找工作、刚开始工作、工作生活比较稳定、准备换个方向、要照顾家里人、退休或准备退休	否	原文有特定疾病、指标或既往史条件	0	少	否	大	死亡率	产品编辑：第 13 章主题 → 紧急情况与急救
source-13-18	有人触电，先断电，再用干燥的木棍之类挑开电源，不要直接上手拉	13	safety	安全与权益	first_aid	紧急情况与急救	还在读书、正在找工作、刚开始工作、工作生活比较稳定、准备换个方向、要照顾家里人、退休或准备退休	是		0	少	否	大	死亡率	产品编辑：第 13 章主题 → 紧急情况与急救
source-13-19	一氧化碳报警器响了，或者一屋子人同时头痛恶心，先出门再打电话	13	safety	安全与权益	first_aid	紧急情况与急救	还在读书、正在找工作、刚开始工作、工作生活比较稳定、准备换个方向、要照顾家里人、退休或准备退休	是		0	少	否	大	死亡率	产品编辑：第 13 章主题 → 紧急情况与急救
source-13-20	误服清洁剂、农药、药物先别催吐，带上瓶子立刻就医；溅到眼睛或皮肤用大量清水冲 15 分钟	13	safety	安全与权益	first_aid	紧急情况与急救	还在读书、正在找工作、刚开始工作、工作生活比较稳定、准备换个方向、要照顾家里人、退休或准备退休	是		0	少	否	大	死亡率	产品编辑：第 13 章主题 → 紧急情况与急救
source-13-21	酸碱等化学品溅到身上，立刻脱掉污染的衣服、用大量流动清水冲，眼睛要掰开眼皮冲，冲够时间再走	13	safety	安全与权益	first_aid	紧急情况与急救	还在读书、正在找工作、刚开始工作、工作生活比较稳定、准备换个方向、要照顾家里人、退休或准备退休	是		0	少	否	大	死亡率	产品编辑：第 13 章主题 → 紧急情况与急救
source-13-22	高温下头晕、恶心、不出汗或意识不清，立刻挪到阴凉处脱衣泼水降温，意识不清的不喂水、打 120	13	safety	安全与权益	first_aid	紧急情况与急救	还在读书、正在找工作、刚开始工作、工作生活比较稳定、准备换个方向、要照顾家里人、退休或准备退休	是		0	少	否	大	死亡率	产品编辑：第 13 章主题 → 紧急情况与急救
source-13-23	中暑的人只要清醒，就少量多次喝凉的淡盐水或运动饮料，别猛灌、别喝酒和高糖饮料	13	safety	安全与权益	first_aid	紧急情况与急救	还在读书、正在找工作、刚开始工作、工作生活比较稳定、准备换个方向、要照顾家里人、退休或准备退休	否	原文涉及饮酒	0	少	否	中	死亡率	产品编辑：第 13 章主题 → 紧急情况与急救
source-13-24	火灾时贴地爬、摸门再开门、门烫就别开，走楼梯不坐电梯，出去了别回头	13	safety	安全与权益	first_aid	紧急情况与急救	还在读书、正在找工作、刚开始工作、工作生活比较稳定、准备换个方向、要照顾家里人、退休或准备退休	是		少	少	否	大	死亡率	产品编辑：第 13 章主题 → 紧急情况与急救
source-13-25	看到有人溺水，先叫人和打 110/120，伸竿、抛漂浮物，自己不下水	13	safety	安全与权益	first_aid	紧急情况与急救	还在读书、正在找工作、刚开始工作、工作生活比较稳定、准备换个方向、要照顾家里人、退休或准备退休	是		0	少	些	大	死亡率	产品编辑：第 13 章主题 → 紧急情况与急救
source-13-26	有人噎住说不出话，站到背后做 5 次拍背加 5 次腹部冲击，倒下就做心肺复苏	13	safety	安全与权益	first_aid	紧急情况与急救	还在读书、正在找工作、刚开始工作、工作生活比较稳定、准备换个方向、要照顾家里人、退休或准备退休	是		0	少	否	大	死亡率	产品编辑：第 13 章主题 → 紧急情况与急救
source-13-27	在戈壁、沙漠、无人区迷路或车坏了，留在原地或车旁，先报位置，再遮阳保温，省水，不乱走	13	safety	安全与权益	accidents	出行与日常防护	还在读书、正在找工作、刚开始工作、工作生活比较稳定、准备换个方向、要照顾家里人、退休或准备退休	是		多	少	是	大	死亡率	产品编辑：逐条标题与章节上下文确认 → 出行与日常防护
source-13-28	发抖、说话含糊、走路打晃是失温，换掉湿衣、包起来，先暖躯干，喝热甜饮不喝酒	13	safety	安全与权益	accidents	出行与日常防护	还在读书、正在找工作、刚开始工作、工作生活比较稳定、准备换个方向、要照顾家里人、退休或准备退休	否	原文涉及饮酒	少	少	否	大	死亡率	产品编辑：逐条标题与章节上下文确认 → 出行与日常防护
source-13-29	被蛇咬，坐下别动、摘掉戒指手表、尽快送医院打抗蛇毒血清，不切、不吸、不绑死	13	safety	安全与权益	first_aid	紧急情况与急救	还在读书、正在找工作、刚开始工作、工作生活比较稳定、准备换个方向、要照顾家里人、退休或准备退休	是		0	少	些	大	死亡率	产品编辑：第 13 章主题 → 紧急情况与急救
source-13-30	地震时先看自己在什么房子里：符合抗震设防的楼里就地躲，会垮的老房子门在几步外就出去	13	safety	安全与权益	accidents	出行与日常防护	还在读书、正在找工作、刚开始工作、工作生活比较稳定、准备换个方向、要照顾家里人、退休或准备退休	是		0	少	否	大	死亡率	产品编辑：逐条标题与章节上下文确认 → 出行与日常防护
source-13-31	遇到熊、野猪、成群野狗，别跑、别尖叫、别对视，侧身慢慢退开	13	safety	安全与权益	accidents	出行与日常防护	还在读书、正在找工作、刚开始工作、工作生活比较稳定、准备换个方向、要照顾家里人、退休或准备退休	是		0	少	些	中	死亡率	产品编辑：逐条标题与章节上下文确认 → 出行与日常防护
source-13-32	野外遇上雷雨，钻进有硬顶的车或建筑，避开山脊、孤树、水面和金属	13	safety	安全与权益	accidents	出行与日常防护	还在读书、正在找工作、刚开始工作、工作生活比较稳定、准备换个方向、要照顾家里人、退休或准备退休	是		0	少	些	大	死亡率	产品编辑：逐条标题与章节上下文确认 → 出行与日常防护
source-13-33	上高原按睡眠海拔（当晚睡在多高）慢慢升，症状加重就下撤，不要硬扛	13	safety	安全与权益	accidents	出行与日常防护	还在读书、正在找工作、刚开始工作、工作生活比较稳定、准备换个方向、要照顾家里人、退休或准备退休	是		0	中	些	大	死亡率	产品编辑：逐条标题与章节上下文确认 → 出行与日常防护
source-13-34	被蜱虫叮住，用尖头镊子贴着皮肤稳稳拉出来，别涂油别用火烧	13	safety	安全与权益	accidents	出行与日常防护	还在读书、正在找工作、刚开始工作、工作生活比较稳定、准备换个方向、要照顾家里人、退休或准备退休	是		少	少	否	中	死亡率	产品编辑：逐条标题与章节上下文确认 → 出行与日常防护
source-13-35	野外的水一律烧开再喝，滚开一分钟就够，不用因为海拔高多煮	13	safety	安全与权益	accidents	出行与日常防护	还在读书、正在找工作、刚开始工作、工作生活比较稳定、准备换个方向、要照顾家里人、退休或准备退休	是		0	少	否	中	死亡率	产品编辑：逐条标题与章节上下文确认 → 出行与日常防护
source-13-36	荒郊野外被陌生人索财，钱给他，不动手，记特征，脱身后报警	13	safety	安全与权益	accidents	出行与日常防护	还在读书、正在找工作、刚开始工作、工作生活比较稳定、准备换个方向、要照顾家里人、退休或准备退休	是		少	少	是	大	死亡率	产品编辑：逐条标题与章节上下文确认 → 出行与日常防护
source-13-37	撞见一群人打架，退开走人，别上去拉架、别围观、别捡地上的家伙；要报警就退到安全距离打 110	13	safety	安全与权益	accidents	出行与日常防护	还在读书、正在找工作、刚开始工作、工作生活比较稳定、准备换个方向、要照顾家里人、退休或准备退休	是		0	少	些	中	自由	产品编辑：逐条标题与章节上下文确认 → 出行与日常防护
source-13-38	可能被 HIV 暴露了，72 小时内去拿阻断药，越早越好	13	safety	安全与权益	first_aid	紧急情况与急救	还在读书、正在找工作、刚开始工作、工作生活比较稳定、准备换个方向、要照顾家里人、退休或准备退休	是		多	少	些	大	死亡率	产品编辑：第 13 章主题 → 紧急情况与急救
source-13-39	救人受了伤、搭进了钱，先找加害人和医保，再去申报见义勇为确认	13	safety	安全与权益	law_fraud	法律、诈骗与维权	还在读书、正在找工作、刚开始工作、工作生活比较稳定、准备换个方向、要照顾家里人、退休或准备退休	是		0	中	否	大	金钱	产品编辑：逐条标题与章节上下文确认 → 法律、诈骗与维权
source-13-40	刀、钢筋、玻璃扎进身体，压住异物周围止血，不要把它拔出来	13	safety	安全与权益	first_aid	紧急情况与急救	还在读书、正在找工作、刚开始工作、工作生活比较稳定、准备换个方向、要照顾家里人、退休或准备退休	是		0	少	些	大	死亡率	产品编辑：第 13 章主题 → 紧急情况与急救
source-13-41	怀疑骨折就别再动那个部位，托着不动、冷敷 20 分钟以内，别自己掰正	13	safety	安全与权益	first_aid	紧急情况与急救	还在读书、正在找工作、刚开始工作、工作生活比较稳定、准备换个方向、要照顾家里人、退休或准备退休	是		0	少	否	中	死亡率	产品编辑：第 13 章主题 → 紧急情况与急救
source-14-1	邮箱、支付、社交账号都开二次验证，优先用手机弹窗确认，其次才是短信验证码	14	safety	安全与权益	digital	账号与个人信息	还在读书、正在找工作、刚开始工作、工作生活比较稳定、准备换个方向、要照顾家里人、退休或准备退休	是		0	少	否	大	金钱	产品编辑：第 14 章主题 → 账号与个人信息
source-14-2	邮箱密码单独一个，不和任何网站重复	14	safety	安全与权益	digital	账号与个人信息	还在读书、正在找工作、刚开始工作、工作生活比较稳定、准备换个方向、要照顾家里人、退休或准备退休	是		0	少	些	大	金钱	产品编辑：第 14 章主题 → 账号与个人信息
source-14-3	手机设锁屏密码，SIM 卡设 PIN 码	14	safety	安全与权益	digital	账号与个人信息	还在读书、正在找工作、刚开始工作、工作生活比较稳定、准备换个方向、要照顾家里人、退休或准备退休	是		0	少	否	大	金钱	产品编辑：第 14 章主题 → 账号与个人信息
source-14-4	手机丢了按这个顺序做：挂失 SIM 卡、远程锁定、改密码、报警、冻结银行卡	14	safety	安全与权益	digital	账号与个人信息	还在读书、正在找工作、刚开始工作、工作生活比较稳定、准备换个方向、要照顾家里人、退休或准备退休	是		0	少	否	大	金钱	产品编辑：第 14 章主题 → 账号与个人信息
source-14-5	卡被盗刷先挂失冻结再报警，然后要求银行赔：证明「是你自己刷的」是银行的责任	14	safety	安全与权益	digital	账号与个人信息	还在读书、正在找工作、刚开始工作、工作生活比较稳定、准备换个方向、要照顾家里人、退休或准备退休	是		0	少	些	大	金钱	产品编辑：第 14 章主题 → 账号与个人信息
source-14-6	每隔一段时间看一次账号的登录设备和已授权应用，不用的清掉	14	safety	安全与权益	digital	账号与个人信息	还在读书、正在找工作、刚开始工作、工作生活比较稳定、准备换个方向、要照顾家里人、退休或准备退休	是		0	少	些	中	金钱	产品编辑：第 14 章主题 → 账号与个人信息
source-14-7	别为了用 App 点「全部同意」：不是必需的信息，你不同意也不能拒绝给你服务	14	safety	安全与权益	digital	账号与个人信息	还在读书、正在找工作、刚开始工作、工作生活比较稳定、准备换个方向、要照顾家里人、退休或准备退休	是		0	少	些	中	自由	产品编辑：第 14 章主题 → 账号与个人信息
source-14-8	你有权查看、复制、更正和删除自己的个人信息，被拒绝可以起诉	14	safety	安全与权益	digital	账号与个人信息	还在读书、正在找工作、刚开始工作、工作生活比较稳定、准备换个方向、要照顾家里人、退休或准备退休	是		0	少	些	中	自由	产品编辑：第 14 章主题 → 账号与个人信息
source-14-9	刷脸不是必须答应的：有别的办法就不能只让你刷脸，你不同意得给你其他方式	14	safety	安全与权益	digital	账号与个人信息	还在读书、正在找工作、刚开始工作、工作生活比较稳定、准备换个方向、要照顾家里人、退休或准备退休	是		0	少	些	中	金钱	产品编辑：第 14 章主题 → 账号与个人信息
source-15-1	押金的数额、退还时间和扣减情形，必须写进合同	15	home	住房与家人	housing	租房与买房	还在读书、正在找工作、刚开始工作、工作生活比较稳定、准备换个方向、要照顾家里人、退休或准备退休	是		0	少	些	中	金钱	产品编辑：第 15 章主题 → 租房与买房
source-15-2	被断水断电、换锁、上门威胁赶人，先报警留证：法规禁止用这些方式逼你腾房	15	home	住房与家人	housing	租房与买房	还在读书、正在找工作、刚开始工作、工作生活比较稳定、准备换个方向、要照顾家里人、退休或准备退休	是		0	少	否	中	金钱	产品编辑：第 15 章主题 → 租房与买房
source-15-3	中介不得代收代付租金和押金，钱直接给房东	15	home	住房与家人	housing	租房与买房	还在读书、正在找工作、刚开始工作、工作生活比较稳定、准备换个方向、要照顾家里人、退休或准备退休	是		0	少	些	大	金钱	产品编辑：第 15 章主题 → 租房与买房
source-15-4	租长租公寓先查它的资金监管账户，别图便宜一次性付一年	15	home	住房与家人	housing	租房与买房	还在读书、正在找工作、刚开始工作、工作生活比较稳定、准备换个方向、要照顾家里人、退休或准备退休	是		0	中	些	大	金钱	产品编辑：第 15 章主题 → 租房与买房
source-15-5	房子租期内被卖掉，租约继续有效，不用搬	15	home	住房与家人	housing	租房与买房	还在读书、正在找工作、刚开始工作、工作生活比较稳定、准备换个方向、要照顾家里人、退休或准备退休	是		0	少	否	中	金钱	产品编辑：第 15 章主题 → 租房与买房
source-15-6	签约前核对产权证和抵押情况，所有款项走转账并备注用途	15	home	住房与家人	housing	租房与买房	还在读书、正在找工作、刚开始工作、工作生活比较稳定、准备换个方向、要照顾家里人、退休或准备退休	否	购房或持有住房贷款	0	少	些	大	金钱	产品编辑：第 15 章主题 → 租房与买房
source-15-7	二手房让中介代收房款的，必须走中介在银行开的交易资金专用存款账户	15	home	住房与家人	housing	租房与买房	还在读书、正在找工作、刚开始工作、工作生活比较稳定、准备换个方向、要照顾家里人、退休或准备退休	是		0	少	些	大	金钱	产品编辑：第 15 章主题 → 租房与买房
source-15-8	别租隔断房：最小出租单位是原设计的房间，厨房、卫生间、阳台不得住人	15	home	住房与家人	housing	租房与买房	还在读书、正在找工作、刚开始工作、工作生活比较稳定、准备换个方向、要照顾家里人、退休或准备退休	是		0	少	否	中	金钱	产品编辑：第 15 章主题 → 租房与买房
source-16-1	药按医嘱吃满，别感觉好了就停	16	health	身体与就医	chronic	慢性病管理	还在读书、正在找工作、刚开始工作、工作生活比较稳定、准备换个方向、要照顾家里人、退休或准备退休	否	已确诊慢性病	0	少	是	大	死亡率	产品编辑：第 16 章主题 → 慢性病管理
source-16-2	先办门诊慢特病认定再办异地备案，高血压、糖尿病、放化疗、透析、抗排异就能异地直接结算	16	health	身体与就医	chronic	慢性病管理	还在读书、正在找工作、刚开始工作、工作生活比较稳定、准备换个方向、要照顾家里人、退休或准备退休	否	已确诊慢性病、原文有特定疾病、指标或既往史条件	0	少	否	大	金钱	产品编辑：第 16 章主题 → 慢性病管理
source-16-3	复查按医生给的间隔做，把每次的指标记在同一个本子上	16	health	身体与就医	chronic	慢性病管理	还在读书、正在找工作、刚开始工作、工作生活比较稳定、准备换个方向、要照顾家里人、退休或准备退休	否	已确诊慢性病	少	少	些	中	死亡率	产品编辑：第 16 章主题 → 慢性病管理
source-16-4	别为了试偏方、保健品停掉正规治疗	16	health	身体与就医	chronic	慢性病管理	还在读书、正在找工作、刚开始工作、工作生活比较稳定、准备换个方向、要照顾家里人、退休或准备退休	否	已确诊慢性病	0	少	是	大	死亡率	产品编辑：第 16 章主题 → 慢性病管理
source-16-5	病情稳定的慢性病，在社区医院一次可以开到 12 周的药	16	health	身体与就医	chronic	慢性病管理	还在读书、正在找工作、刚开始工作、工作生活比较稳定、准备换个方向、要照顾家里人、退休或准备退休	否	已确诊慢性病	0	少	否	中	时间	产品编辑：第 16 章主题 → 慢性病管理
source-16-6	在社区签家庭医生之前，问清楚哪些进医保、哪些自费	16	health	身体与就医	chronic	慢性病管理	还在读书、正在找工作、刚开始工作、工作生活比较稳定、准备换个方向、要照顾家里人、退休或准备退休	否	已确诊慢性病	0	少	否	中	金钱	产品编辑：第 16 章主题 → 慢性病管理
source-16-7	确诊糖尿病就去查一次眼底，之后按医生给的间隔查；每年查一次脚	16	health	身体与就医	chronic	慢性病管理	还在读书、正在找工作、刚开始工作、工作生活比较稳定、准备换个方向、要照顾家里人、退休或准备退休	否	已确诊慢性病、原文有特定疾病、指标或既往史条件	少	少	些	大	死亡率	产品编辑：第 16 章主题 → 慢性病管理
source-16-8	得过肾结石就把水喝到每天 2.5–3 升，盐降到 6 克以内	16	health	身体与就医	chronic	慢性病管理	还在读书、正在找工作、刚开始工作、工作生活比较稳定、准备换个方向、要照顾家里人、退休或准备退休	否	已确诊慢性病、原文有特定疾病、指标或既往史条件	0	少	些	大	死亡率	产品编辑：第 16 章主题 → 慢性病管理
source-16-9	确诊痛风就长期吃降尿酸药，把血尿酸压到 360 µmol/L 以下并一直维持	16	health	身体与就医	chronic	慢性病管理	还在读书、正在找工作、刚开始工作、工作生活比较稳定、准备换个方向、要照顾家里人、退休或准备退休	否	已确诊慢性病、原文有特定疾病、指标或既往史条件	少	少	是	大	死亡率	产品编辑：第 16 章主题 → 慢性病管理
source-17-1	趁老人清醒，书面指定将来的监护人	17	home	住房与家人	eldercare	照护老人	要照顾家里人、退休或准备退休	否	家中有老人需要照护、原文涉及老年人	少	少	些	大	金钱	产品编辑：第 17 章主题 → 照护老人
source-17-2	把遗嘱立了，记住后立的推翻先立的，公证遗嘱不再优先	17	home	住房与家人	eldercare	照护老人	要照顾家里人、退休或准备退休	否	家中有老人需要照护	0	少	些	大	金钱	产品编辑：第 17 章主题 → 照护老人
source-17-3	老人的钱单独放一个账户，大额支出定一个双人确认的规矩	17	home	住房与家人	eldercare	照护老人	要照顾家里人、退休或准备退休	否	家中有老人需要照护、原文涉及老年人	0	少	些	大	金钱	产品编辑：第 17 章主题 → 照护老人
source-17-4	给老人一句可以随时说出口的挡箭牌话术	17	home	住房与家人	eldercare	照护老人	要照顾家里人、退休或准备退休	否	家中有老人需要照护、原文涉及老年人	0	少	否	中	金钱	产品编辑：第 17 章主题 → 照护老人
source-17-5	凡是让老人先交钱的「投资养老」都别碰：办卡、买床位、买养老公寓、旅居养老、买老年产品是同一套非法集资	17	home	住房与家人	eldercare	照护老人	要照顾家里人、退休或准备退休	否	家中有老人需要照护、原文涉及老年人、考虑投资或持有相关资产	0	少	些	大	金钱	产品编辑：第 17 章主题 → 照护老人
source-17-6	除了保险公司的住房反向抵押养老保险，其他「以房养老」都别碰，绝不抵押房子去买理财	17	home	住房与家人	eldercare	照护老人	要照顾家里人、退休或准备退休	否	家中有老人需要照护、考虑投资或持有相关资产	0	少	些	大	金钱	产品编辑：第 17 章主题 → 照护老人
source-17-7	家里老人长期卧床或重度失能，去参保地医保部门申请长期护理保险；它不是只发给老人	17	home	住房与家人	eldercare	照护老人	要照顾家里人、退休或准备退休	否	家中有老人需要照护、原文涉及老年人	0	中	否	大	金钱	产品编辑：第 17 章主题 → 照护老人
source-17-8	家里有人长期卧床，把压疮当头号敌人：上电动气垫床、定时翻身、每天看一遍骨头突出的地方	17	home	住房与家人	eldercare	照护老人	要照顾家里人、退休或准备退休	否	家中有老人需要照护	少	多	是	大	死亡率	产品编辑：第 17 章主题 → 照护老人
source-18-1	先把能领的算进来：国家育儿补贴每孩每年 3600 元，发到 3 岁	18	home	住房与家人	parenting	养育与孩子上学	要照顾家里人	否	考虑养育孩子	0	少	否	大	金钱	产品编辑：第 18 章主题 → 养育与孩子上学
source-18-2	产假 98 天，生育津贴由生育保险基金按单位上年度职工月平均工资发	18	home	住房与家人	parenting	养育与孩子上学	要照顾家里人	否	考虑养育孩子、考虑投资或持有相关资产	0	少	否	大	金钱	产品编辑：第 18 章主题 → 养育与孩子上学
source-18-3	知道这条：不得因怀孕、生育、哺乳降工资或者辞退	18	home	住房与家人	parenting	养育与孩子上学	要照顾家里人	否	考虑养育孩子、原文涉及备孕、孕产期	0	少	否	大	金钱	产品编辑：第 18 章主题 → 养育与孩子上学
source-18-4	时间账按「谁的时间被占掉」算，不按「辛不辛苦」算	18	home	住房与家人	parenting	养育与孩子上学	要照顾家里人	否	考虑养育孩子	0	多	是	大	时间	产品编辑：第 18 章主题 → 养育与孩子上学
source-18-5	钱账分三段算：0 到 3 岁、义务教育、义务教育之后	18	home	住房与家人	parenting	养育与孩子上学	要照顾家里人	否	考虑养育孩子	多	中	些	大	金钱	产品编辑：第 18 章主题 → 养育与孩子上学
source-18-6	为长辈生、为婚姻生、为养老生，各记一笔账	18	home	住房与家人	parenting	养育与孩子上学	要照顾家里人	否	考虑养育孩子、考虑婚姻或处于婚姻关系	0	少	些	中	金钱	产品编辑：第 18 章主题 → 养育与孩子上学
source-19-1	加班费按 1.5 倍、2 倍、3 倍三档算，不给就投诉劳动监察，逾期不付还要加付 50% 到 100%	19	work	工作与学习	labor_rights	在职、离职与工伤	刚开始工作、工作生活比较稳定、准备换个方向	否	处于劳动关系或离职、工伤处理中	0	少	些	大	金钱	产品编辑：第 19 章主题 → 在职、离职与工伤
source-19-2	年休假按累计工龄算 5、10、15 天，没休成的按日工资 300% 折钱	19	work	工作与学习	labor_rights	在职、离职与工伤	刚开始工作、工作生活比较稳定、准备换个方向	否	处于劳动关系或离职、工伤处理中	0	少	些	中	金钱	产品编辑：第 19 章主题 → 在职、离职与工伤
source-19-3	试用期有法定上限、工资不得低于 80%，而且只能约定一次	19	work	工作与学习	labor_rights	在职、离职与工伤	刚开始工作、工作生活比较稳定、准备换个方向	否	处于劳动关系或离职、工伤处理中	0	少	否	中	金钱	产品编辑：第 19 章主题 → 在职、离职与工伤
source-19-4	被裁先算清 N：每满一年一个月工资，不满六个月按半个月	19	work	工作与学习	labor_rights	在职、离职与工伤	刚开始工作、工作生活比较稳定、准备换个方向	否	处于劳动关系或离职、工伤处理中	0	少	否	大	金钱	产品编辑：第 19 章主题 → 在职、离职与工伤
source-19-5	公司辞退你没提前 30 天通知，还要多付一个月工资	19	work	工作与学习	labor_rights	在职、离职与工伤	刚开始工作、工作生活比较稳定、准备换个方向	否	处于劳动关系或离职、工伤处理中	0	少	否	中	金钱	产品编辑：第 19 章主题 → 在职、离职与工伤
source-19-6	公司违法解除的，赔偿金是经济补偿标准的二倍	19	work	工作与学习	labor_rights	在职、离职与工伤	刚开始工作、工作生活比较稳定、准备换个方向	否	处于劳动关系或离职、工伤处理中	0	中	些	大	金钱	产品编辑：第 19 章主题 → 在职、离职与工伤
source-19-7	不要签「个人原因主动辞职」，那一签就没有 N 了	19	work	工作与学习	labor_rights	在职、离职与工伤	刚开始工作、工作生活比较稳定、准备换个方向	否	处于劳动关系或离职、工伤处理中	0	少	是	大	金钱	产品编辑：第 19 章主题 → 在职、离职与工伤
source-19-8	离职前把工资条、考勤、劳动合同、社保记录和聊天记录先存下来	19	work	工作与学习	labor_rights	在职、离职与工伤	刚开始工作、工作生活比较稳定、准备换个方向	否	处于劳动关系或离职、工伤处理中	0	少	些	大	金钱	产品编辑：第 19 章主题 → 在职、离职与工伤
source-19-9	走人之后立刻办两件事：失业登记领失业保险金，看清竞业协议	19	work	工作与学习	labor_rights	在职、离职与工伤	刚开始工作、工作生活比较稳定、准备换个方向	否	处于劳动关系或离职、工伤处理中	0	少	否	中	金钱	产品编辑：第 19 章主题 → 在职、离职与工伤
source-19-10	进有粉尘、噪声、化学品的岗位之前，先看合同里写没写危害；三次职业健康检查由单位安排并掏钱	19	work	工作与学习	labor_rights	在职、离职与工伤	刚开始工作、工作生活比较稳定、准备换个方向	否	处于劳动关系或离职、工伤处理中	0	少	些	大	死亡率	产品编辑：第 19 章主题 → 在职、离职与工伤
source-19-11	粉尘、噪声、化学毒物造成的损伤不可逆：防护用品单位必须给，没有防护措施的作业可以拒绝	19	work	工作与学习	labor_rights	在职、离职与工伤	刚开始工作、工作生活比较稳定、准备换个方向	否	处于劳动关系或离职、工伤处理中	0	少	是	大	死亡率	产品编辑：第 19 章主题 → 在职、离职与工伤
source-19-12	上班受伤、上下班路上被撞，第一件事是做工伤认定，单位不报你自己报	19	work	工作与学习	labor_rights	在职、离职与工伤	刚开始工作、工作生活比较稳定、准备换个方向	否	处于劳动关系或离职、工伤处理中	0	中	否	大	金钱	产品编辑：第 19 章主题 → 在职、离职与工伤
source-19-13	别信「撑到工位就算工伤」：突发不适先打 120，不是先赶去打卡	19	work	工作与学习	labor_rights	在职、离职与工伤	刚开始工作、工作生活比较稳定、准备换个方向	否	处于劳动关系或离职、工伤处理中	0	少	否	大	死亡率	产品编辑：第 19 章主题 → 在职、离职与工伤
source-19-14	单位没给你交工伤保险，工伤待遇一样有，由单位按同样的标准全额出	19	work	工作与学习	labor_rights	在职、离职与工伤	刚开始工作、工作生活比较稳定、准备换个方向	否	处于劳动关系或离职、工伤处理中	0	中	些	大	金钱	产品编辑：第 19 章主题 → 在职、离职与工伤
source-19-15	伤情稳定后去做劳动能力鉴定，伤残等级直接换算成钱	19	work	工作与学习	labor_rights	在职、离职与工伤	刚开始工作、工作生活比较稳定、准备换个方向	否	处于劳动关系或离职、工伤处理中	0	中	否	大	金钱	产品编辑：第 19 章主题 → 在职、离职与工伤
source-19-16	工亡的三笔钱要分清：丧葬补助金、供养亲属抚恤金、一次性工亡补助金	19	work	工作与学习	labor_rights	在职、离职与工伤	刚开始工作、工作生活比较稳定、准备换个方向	否	处于劳动关系或离职、工伤处理中	0	中	否	大	金钱	产品编辑：第 19 章主题 → 在职、离职与工伤
source-19-17	在单位长期被欺负、辱骂、刁难，别硬扛：先记下来留证据，再按性质走投诉、报警或者仲裁	19	work	工作与学习	labor_rights	在职、离职与工伤	刚开始工作、工作生活比较稳定、准备换个方向	否	处于劳动关系或离职、工伤处理中	0	中	是	中	死亡率	产品编辑：第 19 章主题 → 在职、离职与工伤
source-20-1	让孩子仰着睡，睡硬的平面，同房不同床，床上不放任何软东西	20	home	住房与家人	parenting	养育与孩子上学	要照顾家里人	否	照顾婴幼儿、照顾未成年孩子	0	少	是	大	死亡率	产品编辑：第 20 章主题 → 养育与孩子上学
source-20-2	出生后 24 小时内打上乙肝疫苗第一针	20	home	住房与家人	parenting	养育与孩子上学	要照顾家里人	否	照顾婴幼儿	0	少	否	大	死亡率	产品编辑：第 20 章主题 → 养育与孩子上学
source-20-3	按国家免疫规划把该打的疫苗打齐，全程免费，错过了只补没打完的剂次	20	home	住房与家人	parenting	养育与孩子上学	要照顾家里人	否	照顾婴幼儿	0	中	否	大	死亡率	产品编辑：第 20 章主题 → 养育与孩子上学
source-20-4	前 6 个月只喂母乳，连水都不用喂，6 个月起加辅食并继续母乳	20	home	住房与家人	parenting	养育与孩子上学	要照顾家里人	否	照顾婴幼儿	0	多	是	中	死亡率	产品编辑：第 20 章主题 → 养育与孩子上学
source-20-5	冲奶粉用 70 ℃ 以上的水，冲好放凉再喂，喝剩的倒掉	20	home	住房与家人	parenting	养育与孩子上学	要照顾家里人	否	照顾婴幼儿	0	少	些	大	死亡率	产品编辑：第 20 章主题 → 养育与孩子上学
source-20-6	不满 1 岁不喂蜂蜜	20	home	住房与家人	parenting	养育与孩子上学	要照顾家里人	否	照顾婴幼儿	0	少	否	中	死亡率	产品编辑：第 20 章主题 → 养育与孩子上学
source-20-7	出生时的维生素 K 针一定要打	20	home	住房与家人	parenting	养育与孩子上学	要照顾家里人	否	照顾婴幼儿	0	少	否	大	死亡率	产品编辑：第 20 章主题 → 养育与孩子上学
source-20-8	不满 3 个月的婴儿体温到 38 ℃ 就直接去医院，不在家观察	20	home	住房与家人	parenting	养育与孩子上学	要照顾家里人	否	照顾婴幼儿、照顾未成年孩子	少	少	否	大	死亡率	产品编辑：第 20 章主题 → 养育与孩子上学
source-20-9	无论多累多气都不要摇晃婴儿	20	home	住房与家人	parenting	养育与孩子上学	要照顾家里人	否	照顾婴幼儿、照顾未成年孩子	0	少	是	大	死亡率	产品编辑：第 20 章主题 → 养育与孩子上学
source-20-10	尿布不看牌子看三件事：合不合身、换得勤不勤、有没有被抽检通报过	20	home	住房与家人	parenting	养育与孩子上学	要照顾家里人	否	照顾婴幼儿	少	少	否	中	金钱	产品编辑：第 20 章主题 → 养育与孩子上学
source-20-11	大件按「借、买二手、买新」的顺序考虑，别一次性配齐	20	home	住房与家人	parenting	养育与孩子上学	要照顾家里人	否	照顾婴幼儿	少	少	些	中	金钱	产品编辑：第 20 章主题 → 养育与孩子上学
source-20-12	孩子有严重湿疹或鸡蛋过敏，别躲着花生，按医生指导早点加上，但绝不能喂整粒	20	home	住房与家人	parenting	养育与孩子上学	要照顾家里人	否	照顾婴幼儿、照顾未成年孩子	少	少	否	大	死亡率	产品编辑：第 20 章主题 → 养育与孩子上学
source-21-1	出发前查一次外交部安全提醒，标了「暂勿前往」的地方就别去	21	choices	人生选择	abroad	出国、留学与境外生活	还在读书、正在找工作、刚开始工作、工作生活比较稳定、准备换个方向、要照顾家里人、退休或准备退休	否	准备出境或正在境外	0	少	否	大	死亡率	产品编辑：第 21 章主题 → 出国、留学与境外生活
source-21-2	把 12308 和当地使领馆的领保电话存进手机，再抄一份放钱包，别等出事再找	21	choices	人生选择	abroad	出国、留学与境外生活	还在读书、正在找工作、刚开始工作、工作生活比较稳定、准备换个方向、要照顾家里人、退休或准备退休	否	准备出境或正在境外	0	少	否	中	自由	产品编辑：第 21 章主题 → 出国、留学与境外生活
source-21-3	知道领事保护能做什么、不能做什么：能探视，不能捞人，费用还得自己付	21	choices	人生选择	abroad	出国、留学与境外生活	还在读书、正在找工作、刚开始工作、工作生活比较稳定、准备换个方向、要照顾家里人、退休或准备退休	否	准备出境或正在境外	0	少	否	中	金钱	产品编辑：第 21 章主题 → 出国、留学与境外生活
source-21-4	买一份含境外医疗和医疗转运的保险，别只买航班延误险	21	choices	人生选择	abroad	出国、留学与境外生活	还在读书、正在找工作、刚开始工作、工作生活比较稳定、准备换个方向、要照顾家里人、退休或准备退休	否	准备出境或正在境外	少	少	否	大	金钱	产品编辑：第 21 章主题 → 出国、留学与境外生活
source-21-5	「境外高薪招聘」一律当诈骗看，被骗去做电诈回来还要被限制出境	21	safety	安全与权益	law_fraud	法律、诈骗与维权	还在读书、正在找工作、刚开始工作、工作生活比较稳定、准备换个方向、要照顾家里人、退休或准备退休	否	准备出境或正在境外	0	少	些	大	自由	产品编辑：逐条标题与章节上下文确认 → 法律、诈骗与维权
source-21-6	境外取现一年不能超过 10 万元人民币，是本人名下所有卡合起来算的	21	choices	人生选择	abroad	出国、留学与境外生活	还在读书、正在找工作、刚开始工作、工作生活比较稳定、准备换个方向、要照顾家里人、退休或准备退休	否	准备出境或正在境外	0	少	些	中	金钱	产品编辑：第 21 章主题 → 出国、留学与境外生活
source-21-7	护照、签证、身份证都拍照存一份在云端，丢了先报警再补旅行证	21	safety	安全与权益	digital	账号与个人信息	还在读书、正在找工作、刚开始工作、工作生活比较稳定、准备换个方向、要照顾家里人、退休或准备退休	否	准备出境或正在境外	0	少	否	中	金钱	产品编辑：逐条标题与章节上下文确认 → 账号与个人信息
source-21-8	境外自驾先确认当地认不认中国驾照，网上卖的「国际驾照」多数是废纸	21	choices	人生选择	abroad	出国、留学与境外生活	还在读书、正在找工作、刚开始工作、工作生活比较稳定、准备换个方向、要照顾家里人、退休或准备退休	否	准备出境或正在境外、驾驶或有车辆保险需求	0	少	否	大	自由	产品编辑：第 21 章主题 → 出国、留学与境外生活
source-21-9	找中介办签证、留学、移民，先问它有没有在移民管理机构备案	21	choices	人生选择	abroad	出国、留学与境外生活	还在读书、正在找工作、刚开始工作、工作生活比较稳定、准备换个方向、要照顾家里人、退休或准备退休	否	准备出境或正在境外	0	少	否	中	自由	产品编辑：第 21 章主题 → 出国、留学与境外生活
source-21-10	别替陌生人出具邀请函，也别让人借你的名义办出入境手续	21	safety	安全与权益	law_fraud	法律、诈骗与维权	还在读书、正在找工作、刚开始工作、工作生活比较稳定、准备换个方向、要照顾家里人、退休或准备退休	否	准备出境或正在境外	0	少	些	中	自由	产品编辑：逐条标题与章节上下文确认 → 法律、诈骗与维权
source-21-11	出境前把行程、住处和同行人发给一位家人，约好多久联系一次	21	choices	人生选择	abroad	出国、留学与境外生活	还在读书、正在找工作、刚开始工作、工作生活比较稳定、准备换个方向、要照顾家里人、退休或准备退休	否	准备出境或正在境外	0	少	否	中	死亡率	产品编辑：第 21 章主题 → 出国、留学与境外生活
source-22-1	进 KTV、酒吧、密室之前先看一眼安全出口在哪，被锁被堵就换一家	22	safety	安全与权益	accidents	出行与日常防护	还在读书、正在找工作、刚开始工作、工作生活比较稳定、准备换个方向、要照顾家里人、退休或准备退休	是		0	少	否	大	死亡率	产品编辑：逐条标题与章节上下文确认 → 出行与日常防护
source-22-2	点单前要价目表，娱乐场所必须明码标价，不接受「先玩后算」	22	safety	安全与权益	law_fraud	法律、诈骗与维权	还在读书、正在找工作、刚开始工作、工作生活比较稳定、准备换个方向、要照顾家里人、退休或准备退休	是		0	少	些	中	金钱	产品编辑：逐条标题与章节上下文确认 → 法律、诈骗与维权
source-22-3	场子里有人递「东西」就立刻走，容留和提供都不是「帮朋友」	22	safety	安全与权益	law_fraud	法律、诈骗与维权	还在读书、正在找工作、刚开始工作、工作生活比较稳定、准备换个方向、要照顾家里人、退休或准备退休	是		0	少	些	大	自由	产品编辑：逐条标题与章节上下文确认 → 法律、诈骗与维权
source-22-4	不吃陌生人给的糖和零食，不喝离开过视线的饮料，不接别人递的烟弹	22	safety	安全与权益	accidents	出行与日常防护	还在读书、正在找工作、刚开始工作、工作生活比较稳定、准备换个方向、要照顾家里人、退休或准备退休	是		0	少	否	大	自由	产品编辑：逐条标题与章节上下文确认 → 出行与日常防护
source-22-5	网吧上网用自己的身份证，别借证也别用别人的证	22	safety	安全与权益	law_fraud	法律、诈骗与维权	还在读书、正在找工作、刚开始工作、工作生活比较稳定、准备换个方向、要照顾家里人、退休或准备退休	是		0	少	否	中	自由	产品编辑：逐条标题与章节上下文确认 → 法律、诈骗与维权
source-22-6	剧本杀、密室别去开在居民楼里或者地下二层以下的	22	safety	安全与权益	accidents	出行与日常防护	还在读书、正在找工作、刚开始工作、工作生活比较稳定、准备换个方向、要照顾家里人、退休或准备退休	是		0	少	否	中	死亡率	产品编辑：逐条标题与章节上下文确认 → 出行与日常防护
source-22-7	心情差就去走或者跑，抗抑郁的效应量（效果大小）跟强度成正比	22	health	身体与就医	mental_health	心理困扰与重大打击	还在读书、正在找工作、刚开始工作、工作生活比较稳定、准备换个方向、要照顾家里人、退休或准备退休	是		0	中	是	大	死亡率	产品编辑：逐条标题与章节上下文确认 → 心理困扰与重大打击
source-22-8	焦虑到影响生活时，正念减压课的效果不劣于常用的抗焦虑药	22	health	身体与就医	mental_health	心理困扰与重大打击	还在读书、正在找工作、刚开始工作、工作生活比较稳定、准备换个方向、要照顾家里人、退休或准备退休	是		少	多	是	大	死亡率	产品编辑：逐条标题与章节上下文确认 → 心理困扰与重大打击
source-22-9	当场想缓过来，用 5 分钟「循环叹息」：吸气两段，呼气拉长	22	health	身体与就医	mental_health	心理困扰与重大打击	还在读书、正在找工作、刚开始工作、工作生活比较稳定、准备换个方向、要照顾家里人、退休或准备退休	是		0	少	否	中	死亡率	产品编辑：逐条标题与章节上下文确认 → 心理困扰与重大打击
source-22-10	把「定期和人见面」当成健康支出，别只在心情差时才找人	22	relations	相处与关系	social	相处、边界与支持	还在读书、正在找工作、刚开始工作、工作生活比较稳定、准备换个方向、要照顾家里人、退休或准备退休	是		少	中	些	大	死亡率	产品编辑：逐条标题与章节上下文确认 → 相处、边界与支持
source-22-11	住得离绿地近就多用它，散步、遛弯、坐着都算	22	daily	时间与日常	rest	作息与精力	还在读书、正在找工作、刚开始工作、工作生活比较稳定、准备换个方向、要照顾家里人、退休或准备退休	是		0	少	否	小	死亡率	产品编辑：第 22 章主题 → 作息与精力
source-23-1	不满 16 周岁没有「去打工」这个选项：招你的单位每月被罚 5000 元，肯招的都是黑工	23	safety	安全与权益	law_fraud	法律、诈骗与维权	还在读书、正在找工作、刚开始工作、工作生活比较稳定、准备换个方向、要照顾家里人、退休或准备退休	是		0	少	否	大	自由	产品编辑：逐条标题与章节上下文确认 → 法律、诈骗与维权
source-23-2	把「读书有没有用」也放进死亡率账里：每多受一年教育，成人死亡风险降约 1.9%	23	choices	人生选择	adulthood	成年后的道路	还在读书、正在找工作、刚开始工作、工作生活比较稳定、准备换个方向、要照顾家里人、退休或准备退休	是		0	多	是	大	死亡率	产品编辑：逐条标题与章节上下文确认 → 成年后的道路
source-23-3	判断「学历是不是贬值了」之前，先看全国的学历结构：每 10 万人里只有 15467 人有大学文化程度	23	choices	人生选择	adulthood	成年后的道路	还在读书、正在找工作、刚开始工作、工作生活比较稳定、准备换个方向、要照顾家里人、退休或准备退休	是		0	少	否	中	金钱	产品编辑：逐条标题与章节上下文确认 → 成年后的道路
source-23-4	「读不起」先按政策算一遍：中职学费大多已免，助学金 2300 元，助学贷款每年最高 2 万	23	choices	人生选择	adulthood	成年后的道路	还在读书、正在找工作、刚开始工作、工作生活比较稳定、准备换个方向、要照顾家里人、退休或准备退休	是		0	少	否	大	金钱	产品编辑：逐条标题与章节上下文确认 → 成年后的道路
source-23-5	没考上普高不等于路断了：中职有贯通招生和单独考试，技能岗位招聘还可以降学历要求	23	choices	人生选择	adulthood	成年后的道路	还在读书、正在找工作、刚开始工作、工作生活比较稳定、准备换个方向、要照顾家里人、退休或准备退休	是		0	少	否	中	金钱	产品编辑：逐条标题与章节上下文确认 → 成年后的道路
source-23-6	把「读书还是打工」算成一道题：早挣的三年工资，对上往后几十年的年收入差	23	choices	人生选择	adulthood	成年后的道路	还在读书、正在找工作、刚开始工作、工作生活比较稳定、准备换个方向、要照顾家里人、退休或准备退休	是		0	少	否	中	金钱	产品编辑：逐条标题与章节上下文确认 → 成年后的道路
source-23-7	先记住基准线：多受一年教育，全球平均的私人回报（落到自己收入上的那部分）约为每年 9%	23	choices	人生选择	adulthood	成年后的道路	还在读书、正在找工作、刚开始工作、工作生活比较稳定、准备换个方向、要照顾家里人、退休或准备退休	是		0	少	否	大	金钱	产品编辑：逐条标题与章节上下文确认 → 成年后的道路
source-23-8	花钱考证之前，先查这张证在不在国家职业资格目录或人社部备案的评价机构名单里	23	work	工作与学习	skills	技能与培训	还在读书、正在找工作、刚开始工作、工作生活比较稳定、准备换个方向、要照顾家里人、退休或准备退休	是		0	少	否	中	金钱	产品编辑：第 23 章主题 → 技能与培训
source-23-9	培训优先走政府补贴渠道，别一上来就自费报商业班	23	work	工作与学习	job_search	找工作	正在找工作、还在读书、刚开始工作、工作生活比较稳定、准备换个方向	否		0	中	些	中	金钱	产品编辑：逐条标题与章节上下文确认 → 找工作
source-23-10	挑技能时优先看「要不要动手、要不要现场判断」，这类最难被自动化顶掉	23	work	工作与学习	job_search	找工作	正在找工作、还在读书、刚开始工作、工作生活比较稳定、准备换个方向	否		0	少	否	大	金钱	产品编辑：逐条标题与章节上下文确认 → 找工作
source-23-11	学之前先确认这个技能有没有等级评价，等级能不能换成钱	23	work	工作与学习	job_search	找工作	正在找工作、还在读书、刚开始工作、工作生活比较稳定、准备换个方向	否		0	少	否	中	金钱	产品编辑：逐条标题与章节上下文确认 → 找工作
source-23-12	别把「网上说工资高」当成缺人，去查当地的紧缺职业目录和补贴目录	23	work	工作与学习	job_search	找工作	正在找工作、还在读书、刚开始工作、工作生活比较稳定、准备换个方向	否		0	少	否	中	金钱	产品编辑：逐条标题与章节上下文确认 → 找工作
source-23-13	同样的钱和时间，优先选能直接上岗的短周期项目	23	work	工作与学习	job_search	找工作	正在找工作、还在读书、刚开始工作、工作生活比较稳定、准备换个方向	否		少	中	些	中	金钱	产品编辑：逐条标题与章节上下文确认 → 找工作
source-23-14	学完先合上书自己考一遍，别回头重读	23	work	工作与学习	study_methods	学习方法	还在读书、正在找工作、刚开始工作、工作生活比较稳定、准备换个方向、要照顾家里人、退休或准备退休	是		0	少	些	大	时间	产品编辑：逐条标题与章节上下文确认 → 学习方法
source-23-15	把同样的时间摊到几天，别一次学完	23	work	工作与学习	study_methods	学习方法	还在读书、正在找工作、刚开始工作、工作生活比较稳定、准备换个方向、要照顾家里人、退休或准备退休	是		0	少	些	大	时间	产品编辑：逐条标题与章节上下文确认 → 学习方法
source-23-16	别把划重点、反复读、写摘要当成主要学法	23	work	工作与学习	study_methods	学习方法	还在读书、正在找工作、刚开始工作、工作生活比较稳定、准备换个方向、要照顾家里人、退休或准备退休	是		0	少	些	中	时间	产品编辑：逐条标题与章节上下文确认 → 学习方法
source-23-17	几种题型混着练，别一种连做二十道	23	work	工作与学习	study_methods	学习方法	还在读书、正在找工作、刚开始工作、工作生活比较稳定、准备换个方向、要照顾家里人、退休或准备退休	是		0	少	些	中	时间	产品编辑：逐条标题与章节上下文确认 → 学习方法
source-23-18	别按「我是视觉型、他是听觉型」挑学法	23	work	工作与学习	study_methods	学习方法	还在读书、正在找工作、刚开始工作、工作生活比较稳定、准备换个方向、要照顾家里人、退休或准备退休	是		0	少	否	小	时间	产品编辑：逐条标题与章节上下文确认 → 学习方法
source-23-19	要背的内容按将来的用法出题考自己，别原样背一遍就算完	23	work	工作与学习	study_methods	学习方法	还在读书、正在找工作、刚开始工作、工作生活比较稳定、准备换个方向、要照顾家里人、退休或准备退休	是		0	少	些	中	时间	产品编辑：逐条标题与章节上下文确认 → 学习方法
source-24-1	常见病先在社区看，经基层逐级转诊上去，住院起付线接着算	24	health	身体与就医	care	就医与医疗消费	还在读书、正在找工作、刚开始工作、工作生活比较稳定、准备换个方向、要照顾家里人、退休或准备退休	是		0	少	些	中	金钱	产品编辑：第 24 章主题 → 就医与医疗消费
source-24-2	同一个统筹地区（医保参保地）里，级别越低报销比例越高，差距约 10 个百分点	24	health	身体与就医	care	就医与医疗消费	还在读书、正在找工作、刚开始工作、工作生活比较稳定、准备换个方向、要照顾家里人、退休或准备退休	是		0	少	些	中	金钱	产品编辑：第 24 章主题 → 就医与医疗消费
source-24-3	要去大医院，走基层转诊或者医院的转诊中心，别找号贩子	24	health	身体与就医	care	就医与医疗消费	还在读书、正在找工作、刚开始工作、工作生活比较稳定、准备换个方向、要照顾家里人、退休或准备退休	是		0	中	否	中	时间	产品编辑：第 24 章主题 → 就医与医疗消费
source-24-4	跨省异地就医之前先在本地问一句，必要性原则上要副主任医师以上评估	24	health	身体与就医	care	就医与医疗消费	还在读书、正在找工作、刚开始工作、工作生活比较稳定、准备换个方向、要照顾家里人、退休或准备退休	是		0	少	否	中	金钱	产品编辑：第 24 章主题 → 就医与医疗消费
source-24-5	别再拿三级医院当开药点，稳定期的慢病回基层	24	health	身体与就医	care	就医与医疗消费	还在读书、正在找工作、刚开始工作、工作生活比较稳定、准备换个方向、要照顾家里人、退休或准备退休	是		0	少	些	中	时间	产品编辑：第 24 章主题 → 就医与医疗消费
source-24-6	每次看完病，把病历、检查报告和影像自己存一份	24	health	身体与就医	care	就医与医疗消费	还在读书、正在找工作、刚开始工作、工作生活比较稳定、准备换个方向、要照顾家里人、退休或准备退休	是		0	少	些	中	金钱	产品编辑：第 24 章主题 → 就医与医疗消费
source-24-7	对诊疗有疑问就当场要求封存病历，双方在场、开清单、各执一份	24	safety	安全与权益	law_fraud	法律、诈骗与维权	还在读书、正在找工作、刚开始工作、工作生活比较稳定、准备换个方向、要照顾家里人、退休或准备退休	是		0	少	些	中	金钱	产品编辑：逐条标题与章节上下文确认 → 法律、诈骗与维权
source-24-8	急重的伤病直奔急诊预检分诊台，别去挂号窗口排队	24	safety	安全与权益	first_aid	紧急情况与急救	还在读书、正在找工作、刚开始工作、工作生活比较稳定、准备换个方向、要照顾家里人、退休或准备退休	是		0	少	否	中	时间	产品编辑：逐条标题与章节上下文确认 → 紧急情况与急救
source-24-9	没带钱、没带证件、说不清自己是谁，急诊也必须先救	24	safety	安全与权益	first_aid	紧急情况与急救	还在读书、正在找工作、刚开始工作、工作生活比较稳定、准备换个方向、要照顾家里人、退休或准备退休	是		0	少	否	中	金钱	产品编辑：逐条标题与章节上下文确认 → 紧急情况与急救
source-24-10	伤残鉴定要等治疗终结之后再做，做早了等级会评低	24	health	身体与就医	disability	残疾与康复	还在读书、正在找工作、刚开始工作、工作生活比较稳定、准备换个方向、要照顾家里人、退休或准备退休	是		少	中	些	大	金钱	产品编辑：逐条标题与章节上下文确认 → 残疾与康复
source-24-11	治完之后确实留下功能障碍，去户籍地县级残联申请残疾人证	24	health	身体与就医	disability	残疾与康复	还在读书、正在找工作、刚开始工作、工作生活比较稳定、准备换个方向、要照顾家里人、退休或准备退休	否	原文涉及残疾、功能障碍或康复	少	中	些	中	金钱	产品编辑：逐条标题与章节上下文确认 → 残疾与康复
source-24-12	谢救过你的医生，走感谢信、锦旗和满意度评价，别走红包：准则禁的是财物，不是谢意	24	health	身体与就医	care	就医与医疗消费	还在读书、正在找工作、刚开始工作、工作生活比较稳定、准备换个方向、要照顾家里人、退休或准备退休	是		0	少	否	中	金钱	产品编辑：第 24 章主题 → 就医与医疗消费
source-25-1	人在家里或外面没了，先分清正常死亡还是非正常死亡：意外、死因不明、独居才发现的，立刻报警，遗体和现场不要动	25	home	住房与家人	family_admin	家人离世后的事务	要照顾家里人	否	办理家人离世后的事务	0	少	否	中	自由	产品编辑：第 25 章主题 → 家人离世后的事务
source-25-2	死亡证明是后面所有事的钥匙：谁救治谁开，家中正常死亡找社区卫生服务机构，一日内签发	25	home	住房与家人	family_admin	家人离世后的事务	要照顾家里人	否	办理家人离世后的事务	0	少	否	中	时间	产品编辑：第 25 章主题 → 家人离世后的事务
source-25-3	遗体接运、存放、火化只能走殡仪馆，医院太平间不办殡仪，存放一般不超过 3 日	25	home	住房与家人	family_admin	家人离世后的事务	要照顾家里人	否	办理家人离世后的事务	0	少	否	中	金钱	产品编辑：第 25 章主题 → 家人离世后的事务
source-25-4	对死因有异议，48 小时内提出尸检，同时封存病历	25	home	住房与家人	family_admin	家人离世后的事务	要照顾家里人	否	办理家人离世后的事务	0	少	些	大	金钱	产品编辑：第 25 章主题 → 家人离世后的事务
source-25-5	注销户口有法定时限：城市在安葬前，农村在一个月以内	25	home	住房与家人	family_admin	家人离世后的事务	要照顾家里人	否	办理家人离世后的事务	0	少	否	小	时间	产品编辑：第 25 章主题 → 家人离世后的事务
source-25-6	殡葬服务分基础项目和非基础项目，基础项目有清单、收费依法制定	25	home	住房与家人	family_admin	家人离世后的事务	要照顾家里人	否	办理家人离世后的事务	0	少	否	中	金钱	产品编辑：第 25 章主题 → 家人离世后的事务
source-25-7	遇到强制搭售、标价外加价、把一项拆成几项收费，记下来投诉	25	home	住房与家人	family_admin	家人离世后的事务	要照顾家里人	否	办理家人离世后的事务	0	少	些	中	金钱	产品编辑：第 25 章主题 → 家人离世后的事务
source-25-8	殡葬代理、用品代购、策划主持这类中介，要在县级民政备案	25	home	住房与家人	family_admin	家人离世后的事务	要照顾家里人	否	办理家人离世后的事务	0	少	否	中	金钱	产品编辑：第 25 章主题 → 家人离世后的事务
source-25-9	分散在各处的钱要逐个去取：公积金余额、社保待遇、工伤待遇	25	home	住房与家人	family_admin	家人离世后的事务	要照顾家里人	否	办理家人离世后的事务	0	中	否	大	金钱	产品编辑：第 25 章主题 → 家人离世后的事务
source-25-10	死者的账号和个人信息，近亲属可以要求查阅、复制、更正、删除	25	home	住房与家人	family_admin	家人离世后的事务	要照顾家里人	否	办理家人离世后的事务	0	少	些	中	自由	产品编辑：第 25 章主题 → 家人离世后的事务
source-26-1	平台不要自己收钱再转给卖家，让钱走持牌支付机构直接结算	26	safety	安全与权益	professional_law	技术与平台责任	刚开始工作、工作生活比较稳定、准备换个方向	否	运营网站、App 或平台	0	中	否	大	自由	产品编辑：第 26 章主题 → 技术与平台责任
source-26-2	收费的网站要许可证，撮合交易的是另一类许可，免费的只要备案	26	safety	安全与权益	professional_law	技术与平台责任	刚开始工作、工作生活比较稳定、准备换个方向	否	运营网站、App 或平台	多	多	否	大	自由	产品编辑：第 26 章主题 → 技术与平台责任
source-26-3	做直播要网络文化经营许可证，做视听节目的那张证民营基本拿不到	26	safety	安全与权益	professional_law	技术与平台责任	刚开始工作、工作生活比较稳定、准备换个方向	否	运营网站、App 或平台	多	多	否	大	自由	产品编辑：第 26 章主题 → 技术与平台责任
source-26-4	服务器放境内就要备案，接入商必须自己持有增值电信许可	26	safety	安全与权益	professional_law	技术与平台责任	刚开始工作、工作生活比较稳定、准备换个方向	否	运营网站、App 或平台	0	中	否	中	自由	产品编辑：第 26 章主题 → 技术与平台责任
source-26-5	让用户上来卖东西，平台就要核验登记、报送信息、留存三年	26	safety	安全与权益	professional_law	技术与平台责任	刚开始工作、工作生活比较稳定、准备换个方向	否	运营网站、App 或平台	0	多	些	大	自由	产品编辑：第 26 章主题 → 技术与平台责任
source-26-6	用户发的内容你要管：审核机制、举报入口、发现违法立即停传并报告	26	safety	安全与权益	professional_law	技术与平台责任	刚开始工作、工作生活比较稳定、准备换个方向	否	运营网站、App 或平台	少	多	是	大	自由	产品编辑：第 26 章主题 → 技术与平台责任
source-26-7	提供信息发布、即时通讯服务，必须要求用户提供真实身份信息	26	safety	安全与权益	professional_law	技术与平台责任	刚开始工作、工作生活比较稳定、准备换个方向	否	运营网站、App 或平台	少	中	否	中	自由	产品编辑：第 26 章主题 → 技术与平台责任
source-26-8	不给未满 16 周岁的人开直播，打赏按年龄分档处理	26	safety	安全与权益	professional_law	技术与平台责任	刚开始工作、工作生活比较稳定、准备换个方向	否	运营网站、App 或平台	0	中	否	中	自由	产品编辑：第 26 章主题 → 技术与平台责任
source-26-9	接到侵权通知要及时处理，转送声明后 15 日没有下文就恢复	26	safety	安全与权益	professional_law	技术与平台责任	刚开始工作、工作生活比较稳定、准备换个方向	否	运营网站、App 或平台	0	中	否	中	金钱	产品编辑：第 26 章主题 → 技术与平台责任
source-26-10	用户信息不要随手放到境外，出境有法定条件和人数门槛	26	safety	安全与权益	professional_law	技术与平台责任	刚开始工作、工作生活比较稳定、准备换个方向	否	运营网站、App 或平台	0	中	否	中	自由	产品编辑：第 26 章主题 → 技术与平台责任
source-26-11	选服务器先看停机能不能忍，再看有没有人运维，最后才比价	26	work	工作与学习	business	经营与创业	刚开始工作、工作生活比较稳定、准备换个方向	否	运营网站、App 或平台	少	中	否	中	金钱	产品编辑：逐条标题与章节上下文确认 → 经营与创业
source-27-1	准备怀孕就开始每天补 0.4 毫克叶酸，一直吃到孕早期满 3 个月	27	home	住房与家人	pregnancy	怀孕与生产	要照顾家里人	否	备孕、怀孕或产后、原文涉及备孕、孕产期	0	少	些	大	死亡率	产品编辑：第 27 章主题 → 怀孕与生产
source-27-2	孕 13 周前去社区卫生服务中心建《母子健康手册》，把免费产检额度用掉	27	home	住房与家人	pregnancy	怀孕与生产	要照顾家里人	否	备孕、怀孕或产后	0	中	否	中	死亡率	产品编辑：第 27 章主题 → 怀孕与生产
source-27-3	第一次产检就把艾滋病、梅毒、乙肝三项查掉，查出来也有免费的阻断	27	home	住房与家人	pregnancy	怀孕与生产	要照顾家里人	否	备孕、怀孕或产后	0	少	否	大	死亡率	产品编辑：第 27 章主题 → 怀孕与生产
source-27-4	整个孕期一支烟一口酒都不要，家里人也别在屋里抽	27	home	住房与家人	pregnancy	怀孕与生产	要照顾家里人	否	备孕、怀孕或产后、原文涉及备孕、孕产期	0	少	是	大	死亡率	产品编辑：第 27 章主题 → 怀孕与生产
source-27-5	有子痫前期高危因素的，孕 12 周后开始每天一片小剂量阿司匹林	27	home	住房与家人	pregnancy	怀孕与生产	要照顾家里人	否	备孕、怀孕或产后	少	少	些	中	死亡率	产品编辑：第 27 章主题 → 怀孕与生产
source-27-6	孕 24 周及以后做一次妊娠期糖尿病筛查，别嫌喝糖水麻烦	27	home	住房与家人	pregnancy	怀孕与生产	要照顾家里人	否	备孕、怀孕或产后、原文有特定疾病、指标或既往史条件	少	少	否	中	死亡率	产品编辑：第 27 章主题 → 怀孕与生产
source-27-7	背下这张「立刻去医院」的清单，孕期和产后一年内都算数	27	home	住房与家人	pregnancy	怀孕与生产	要照顾家里人	否	备孕、怀孕或产后、原文涉及备孕、孕产期	0	少	否	大	死亡率	产品编辑：第 27 章主题 → 怀孕与生产
source-27-8	破水了就地平躺、垫高臀部、打 120，不要走动也不要洗澡	27	home	住房与家人	pregnancy	怀孕与生产	要照顾家里人	否	备孕、怀孕或产后	0	少	否	大	死亡率	产品编辑：第 27 章主题 → 怀孕与生产
source-27-9	想要无痛分娩就直接说，它不增加剖宫产的风险	27	home	住房与家人	pregnancy	怀孕与生产	要照顾家里人	否	备孕、怀孕或产后、原文涉及备孕、孕产期	少	少	些	中	时间	产品编辑：第 27 章主题 → 怀孕与生产
source-27-10	没有医学指征就别主动要求剖宫产，也别为了挑日子开刀	27	home	住房与家人	pregnancy	怀孕与生产	要照顾家里人	否	备孕、怀孕或产后	0	少	些	中	死亡率	产品编辑：第 27 章主题 → 怀孕与生产
source-27-11	怀孕前就确认生育保险的参保状态，未就业的配偶也能报生育医疗费用	27	home	住房与家人	pregnancy	怀孕与生产	要照顾家里人	否	备孕、怀孕或产后、原文涉及备孕、孕产期、考虑婚姻或处于婚姻关系	0	少	否	中	金钱	产品编辑：第 27 章主题 → 怀孕与生产
source-27-12	出院前把《出生医学证明》办掉，名字提前想好、别写错字	27	home	住房与家人	pregnancy	怀孕与生产	要照顾家里人	否	备孕、怀孕或产后	0	少	否	中	时间	产品编辑：第 27 章主题 → 怀孕与生产
source-27-13	新生儿足跟血筛查和听力筛查都别拒绝	27	home	住房与家人	pregnancy	怀孕与生产	要照顾家里人	否	备孕、怀孕或产后、照顾未成年孩子	少	少	否	大	死亡率	产品编辑：第 27 章主题 → 怀孕与生产
source-27-14	拿到出生医学证明就给孩子办居民医保，别等落完户	27	home	住房与家人	pregnancy	怀孕与生产	要照顾家里人	否	备孕、怀孕或产后、照顾未成年孩子	少	少	否	中	金钱	产品编辑：第 27 章主题 → 怀孕与生产
source-27-15	孩子出生后一个月以内去派出所申报出生登记	27	home	住房与家人	pregnancy	怀孕与生产	要照顾家里人	否	备孕、怀孕或产后、照顾未成年孩子	0	少	否	小	自由	产品编辑：第 27 章主题 → 怀孕与生产
source-27-16	产后 42 天那次复查别跳过，它同时是产后抑郁的筛查	27	home	住房与家人	pregnancy	怀孕与生产	要照顾家里人	否	备孕、怀孕或产后、原文涉及备孕、孕产期	0	少	些	中	死亡率	产品编辑：第 27 章主题 → 怀孕与生产
source-28-1	不要用极端节食、断食或催吐来控制体重，要减就从运动那一侧减	28	health	身体与就医	appearance	外形与身体	还在读书、正在找工作、刚开始工作、工作生活比较稳定、准备换个方向、要照顾家里人、退休或准备退休	否	考虑改变外形或体重	0	少	否	大	死亡率	产品编辑：第 28 章主题 → 外形与身体
source-28-2	打针、埋线、开刀之前查两样：机构许可证上有没有「医疗美容」，动手的人是不是主诊医师	28	health	身体与就医	appearance	外形与身体	还在读书、正在找工作、刚开始工作、工作生活比较稳定、准备换个方向、要照顾家里人、退休或准备退休	否	考虑改变外形或体重	0	少	否	大	死亡率	产品编辑：第 28 章主题 → 外形与身体
source-28-3	面部填充避开鼻背、眉间、额头这几个部位，更别为省钱找非正规注射	28	health	身体与就医	appearance	外形与身体	还在读书、正在找工作、刚开始工作、工作生活比较稳定、准备换个方向、要照顾家里人、退休或准备退休	否	考虑改变外形或体重	0	少	否	大	死亡率	产品编辑：第 28 章主题 → 外形与身体
source-28-4	不要买承诺「快速瘦」的减肥药、减肥咖啡、瘦身糖果和酵素梅	28	health	身体与就医	appearance	外形与身体	还在读书、正在找工作、刚开始工作、工作生活比较稳定、准备换个方向、要照顾家里人、退休或准备退休	否	考虑改变外形或体重	0	少	些	大	死亡率	产品编辑：第 28 章主题 → 外形与身体
source-28-5	不要用合成代谢类固醇（「增肌针」「口服药」）来长肌肉	28	health	身体与就医	appearance	外形与身体	还在读书、正在找工作、刚开始工作、工作生活比较稳定、准备换个方向、要照顾家里人、退休或准备退休	否	考虑改变外形或体重	0	少	些	大	死亡率	产品编辑：第 28 章主题 → 外形与身体
source-28-6	要吃减肥药就去医院拿处方，别在不用处方就发货的网店买	28	health	身体与就医	appearance	外形与身体	还在读书、正在找工作、刚开始工作、工作生活比较稳定、准备换个方向、要照顾家里人、退休或准备退休	否	考虑改变外形或体重	少	中	否	中	死亡率	产品编辑：第 28 章主题 → 外形与身体
source-28-7	性激素类药只在医生开方并定期复查的前提下用，不要网购、不要自己加量	28	health	身体与就医	appearance	外形与身体	还在读书、正在找工作、刚开始工作、工作生活比较稳定、准备换个方向、要照顾家里人、退休或准备退休	否	考虑改变外形或体重	少	中	否	中	死亡率	产品编辑：第 28 章主题 → 外形与身体
source-28-8	如果「觉得自己丑」已经到反复照镜子、反复想改的程度，先做一次体像评估再谈手术	28	health	身体与就医	appearance	外形与身体	还在读书、正在找工作、刚开始工作、工作生活比较稳定、准备换个方向、要照顾家里人、退休或准备退休	否	考虑改变外形或体重	少	中	些	中	死亡率	产品编辑：第 28 章主题 → 外形与身体
source-29-1	亲人刚走的那几天别一个人待着，有心脏病、高血压、糖尿病的照常吃药，胸口压着疼就叫 120	29	health	身体与就医	mental_health	心理困扰与重大打击	还在读书、正在找工作、刚开始工作、工作生活比较稳定、准备换个方向、要照顾家里人、退休或准备退休	否	遭遇重大生活打击、原文有特定疾病、指标或既往史条件	0	少	否	大	死亡率	产品编辑：第 29 章主题 → 心理困扰与重大打击
source-29-2	被告知重病诊断的那一周，别一个人去拿报告，治疗以外的决定往后放	29	health	身体与就医	mental_health	心理困扰与重大打击	还在读书、正在找工作、刚开始工作、工作生活比较稳定、准备换个方向、要照顾家里人、退休或准备退休	否	遭遇重大生活打击	0	少	否	大	死亡率	产品编辑：第 29 章主题 → 心理困扰与重大打击
source-29-3	失业之后先把作息、医保和找工作的节奏固定下来，别整天待在家里	29	work	工作与学习	labor_rights	在职、离职与工伤	刚开始工作、工作生活比较稳定、准备换个方向	否	遭遇重大生活打击	0	少	些	大	死亡率	产品编辑：逐条标题与章节上下文确认 → 在职、离职与工伤
source-29-4	亲人死于自杀、意外或凶案的，别指望硬扛，主动去找专业帮助	29	health	身体与就医	mental_health	心理困扰与重大打击	还在读书、正在找工作、刚开始工作、工作生活比较稳定、准备换个方向、要照顾家里人、退休或准备退休	否	遭遇重大生活打击	0	少	些	大	死亡率	产品编辑：第 29 章主题 → 心理困扰与重大打击
source-29-5	丧偶后的头半年，把三餐、睡觉、慢性病的药和复查交给一个固定的人盯着	29	health	身体与就医	mental_health	心理困扰与重大打击	还在读书、正在找工作、刚开始工作、工作生活比较稳定、准备换个方向、要照顾家里人、退休或准备退休	否	遭遇重大生活打击	0	少	些	大	死亡率	产品编辑：第 29 章主题 → 心理困扰与重大打击
source-29-6	没有亲人也没有朋友的，把「盯着你的那个人」换成三样东西：能进你家门的邻居、社区的探访名单、手机里的紧急联络	29	relations	相处与关系	social	相处、边界与支持	还在读书、正在找工作、刚开始工作、工作生活比较稳定、准备换个方向、要照顾家里人、退休或准备退休	否	遭遇重大生活打击	0	少	些	中	死亡率	产品编辑：逐条标题与章节上下文确认 → 相处、边界与支持
source-29-7	家长去世后，如实告诉孩子、让他参加告别、别送去别处「换个环境」	29	home	住房与家人	parenting	养育与孩子上学	要照顾家里人	否	遭遇重大生活打击、照顾未成年孩子	0	少	些	大	死亡率	产品编辑：逐条标题与章节上下文确认 → 养育与孩子上学
source-29-8	哀伤过了半年还在原地、日子过不下去，去精神科或临床心理科挂号	29	health	身体与就医	mental_health	心理困扰与重大打击	还在读书、正在找工作、刚开始工作、工作生活比较稳定、准备换个方向、要照顾家里人、退休或准备退休	否	遭遇重大生活打击	少	中	些	大	死亡率	产品编辑：第 29 章主题 → 心理困扰与重大打击
source-29-9	别一上来就花钱做哀伤咨询，先看自己的哀伤是不是真的卡住了（第 8 条那几条症状）	29	health	身体与就医	mental_health	心理困扰与重大打击	还在读书、正在找工作、刚开始工作、工作生活比较稳定、准备换个方向、要照顾家里人、退休或准备退休	否	遭遇重大生活打击	0	少	否	中	金钱	产品编辑：第 29 章主题 → 心理困扰与重大打击
source-29-10	分居离婚之后别断医保、别用酒顶着	29	health	身体与就医	mental_health	心理困扰与重大打击	还在读书、正在找工作、刚开始工作、工作生活比较稳定、准备换个方向、要照顾家里人、退休或准备退休	否	遭遇重大生活打击、考虑婚姻或处于婚姻关系	0	少	些	中	死亡率	产品编辑：第 29 章主题 → 心理困扰与重大打击
source-29-11	要人陪着说话打 12356，未成年人和青少年打 12355，要看医生挂心理门诊	29	health	身体与就医	mental_health	心理困扰与重大打击	还在读书、正在找工作、刚开始工作、工作生活比较稳定、准备换个方向、要照顾家里人、退休或准备退休	否	遭遇重大生活打击	0	少	否	中	金钱	产品编辑：第 29 章主题 → 心理困扰与重大打击
source-29-12	变故后的头三个月，凡是不可逆的大决定一律往后推	29	choices	人生选择	decisions	重大决定与取舍	还在读书、正在找工作、刚开始工作、工作生活比较稳定、准备换个方向、要照顾家里人、退休或准备退休	否	遭遇重大生活打击	0	少	些	中	金钱	产品编辑：逐条标题与章节上下文确认 → 重大决定与取舍
source-29-13	别拿死当还债的办法：两年内的寿险不赔，工伤不认，债照样先从遗产里扣	29	health	身体与就医	mental_health	心理困扰与重大打击	还在读书、正在找工作、刚开始工作、工作生活比较稳定、准备换个方向、要照顾家里人、退休或准备退休	否	遭遇重大生活打击	0	少	否	大	金钱	产品编辑：第 29 章主题 → 心理困扰与重大打击
source-30-1	孩子说突然剧痛、而且越来越重，立刻去医院，不要让他忍到放学	30	home	住房与家人	parenting	养育与孩子上学	要照顾家里人	否	照顾学龄孩子、照顾未成年孩子	0	少	否	大	死亡率	产品编辑：第 30 章主题 → 养育与孩子上学
source-30-2	该做的治疗别为了「等考完」往后拖，有些窗口跟着骨龄走，不跟着考试安排走	30	home	住房与家人	parenting	养育与孩子上学	要照顾家里人	否	照顾学龄孩子	0	少	是	大	死亡率	产品编辑：第 30 章主题 → 养育与孩子上学
source-30-3	孩子被欺凌，当天就报到学校并要求书面处理，涉及打人、抢钱、传谣的直接报警	30	home	住房与家人	parenting	养育与孩子上学	要照顾家里人	否	照顾学龄孩子、照顾未成年孩子	0	少	些	大	死亡率	产品编辑：第 30 章主题 → 养育与孩子上学
source-30-4	让孩子每天在户外待够 2 小时，这是目前唯一有随机试验支持的防近视办法	30	home	住房与家人	parenting	养育与孩子上学	要照顾家里人	否	照顾学龄孩子、照顾未成年孩子	0	中	些	大	死亡率	产品编辑：第 30 章主题 → 养育与孩子上学
source-30-5	0 到 3 岁不给屏幕，3 到 6 岁尽量不给，中小学生非学习用途每天不超过 1 小时	30	home	住房与家人	parenting	养育与孩子上学	要照顾家里人	否	照顾学龄孩子	0	少	是	中	死亡率	产品编辑：第 30 章主题 → 养育与孩子上学
source-30-6	把近视当成会留下的损伤：度数越深，将来视网膜脱离、黄斑病变、青光眼越多	30	home	住房与家人	parenting	养育与孩子上学	要照顾家里人	否	照顾学龄孩子	0	少	否	大	死亡率	产品编辑：第 30 章主题 → 养育与孩子上学
source-30-7	每年那次学生体检的报告单要自己看一遍，异常项当年带去医院查	30	home	住房与家人	parenting	养育与孩子上学	要照顾家里人	否	照顾学龄孩子	0	少	否	中	死亡率	产品编辑：第 30 章主题 → 养育与孩子上学
source-30-8	12 到 18 岁的孩子做一次抑郁筛查，别拿学校的心理测评当诊断	30	home	住房与家人	parenting	养育与孩子上学	要照顾家里人	否	照顾学龄孩子、照顾未成年孩子	0	少	否	中	死亡率	产品编辑：第 30 章主题 → 养育与孩子上学
source-30-9	不买号称能「治愈近视」「降低度数」的产品和服务	30	home	住房与家人	parenting	养育与孩子上学	要照顾家里人	否	照顾学龄孩子	0	少	否	中	金钱	产品编辑：第 30 章主题 → 养育与孩子上学
source-30-10	睡眠、作业、体育和排名都有明文规定，学校做不到可以提	30	home	住房与家人	parenting	养育与孩子上学	要照顾家里人	否	照顾学龄孩子	0	少	些	中	时间	产品编辑：第 30 章主题 → 养育与孩子上学
source-30-11	孩子撑不住了可以休学，学籍学校必须给他留着，最长 1 年	30	home	住房与家人	parenting	养育与孩子上学	要照顾家里人	否	照顾学龄孩子、照顾未成年孩子	0	少	些	中	时间	产品编辑：第 30 章主题 → 养育与孩子上学
source-30-12	查出视力不良，去医院做散瞳验光，之后按医生给的间隔复查	30	home	住房与家人	parenting	养育与孩子上学	要照顾家里人	否	照顾学龄孩子	少	少	否	中	死亡率	产品编辑：第 30 章主题 → 养育与孩子上学
source-30-13	恒磨牙长出来以后做窝沟封闭	30	home	住房与家人	parenting	养育与孩子上学	要照顾家里人	否	照顾学龄孩子	少	少	否	中	死亡率	产品编辑：第 30 章主题 → 养育与孩子上学
source-31-1	先把门槛对一遍：十二条路的年龄和学历要求都是明文写死的	31	choices	人生选择	adulthood	成年后的道路	还在读书、刚开始工作、准备换个方向	否	考虑成年后的升学或就业道路	0	少	否	中	时间	产品编辑：第 31 章主题 → 成年后的道路
source-31-2	十八岁那年 10 月 31 日前要做兵役登记；义务兵服现役就是两年	31	choices	人生选择	adulthood	成年后的道路	还在读书、刚开始工作、准备换个方向	否	考虑成年后的升学或就业道路	0	多	是	中	时间	产品编辑：第 31 章主题 → 成年后的道路
source-31-3	应征之后拒服兵役，两年内不准出境或升学复学，还进不了公务员和国企	31	choices	人生选择	adulthood	成年后的道路	还在读书、刚开始工作、准备换个方向	否	考虑成年后的升学或就业道路	0	少	否	大	自由	产品编辑：第 31 章主题 → 成年后的道路
source-31-4	大学生当兵最实的两块：学费每年补最高 20000 元，学籍保留两年、考研有专项计划	31	choices	人生选择	adulthood	成年后的道路	还在读书、刚开始工作、准备换个方向	否	考虑成年后的升学或就业道路	0	少	否	大	金钱	产品编辑：第 31 章主题 → 成年后的道路
source-31-5	退役后只有六种情况由政府安排工作；自主就业的 30 日内必须报到	31	choices	人生选择	adulthood	成年后的道路	还在读书、刚开始工作、准备换个方向	否	考虑成年后的升学或就业道路	0	少	否	大	金钱	产品编辑：第 31 章主题 → 成年后的道路
source-31-6	退役后的三笔账：一次性退役金、军龄算工龄、自己干每年扣减 20000 元税	31	choices	人生选择	adulthood	成年后的道路	还在读书、刚开始工作、准备换个方向	否	考虑成年后的升学或就业道路	0	少	否	中	金钱	产品编辑：第 31 章主题 → 成年后的道路
source-31-7	想进体制内不止考公一条：基层服务项目干满两年，能报每年 10% 的定向考录计划	31	choices	人生选择	adulthood	成年后的道路	还在读书、刚开始工作、准备换个方向	否	考虑成年后的升学或就业道路	0	多	是	中	金钱	产品编辑：第 31 章主题 → 成年后的道路
source-31-8	特岗教师三年服务期满、考核合格又愿意留下的，应当及时入编	31	choices	人生选择	adulthood	成年后的道路	还在读书、刚开始工作、准备换个方向	否	考虑成年后的升学或就业道路	0	多	是	大	金钱	产品编辑：第 31 章主题 → 成年后的道路
source-31-9	消防员和军队文职是另外两个公开招录的口子，门槛比考公低	31	choices	人生选择	adulthood	成年后的道路	还在读书、刚开始工作、准备换个方向	否	考虑成年后的升学或就业道路	0	中	些	中	金钱	产品编辑：第 31 章主题 → 成年后的道路
source-31-10	学历不是一锤子买卖：自考不限年龄和已受教育程度，成人高考和开放大学都能补	31	choices	人生选择	adulthood	成年后的道路	还在读书、刚开始工作、准备换个方向	否	考虑成年后的升学或就业道路	少	多	是	中	金钱	产品编辑：第 31 章主题 → 成年后的道路
source-31-11	不进单位就是灵活就业：养老和医疗要自己在就业地参保，户籍限制已经放开	31	choices	人生选择	adulthood	成年后的道路	还在读书、刚开始工作、准备换个方向	否	考虑成年后的升学或就业道路	多	少	些	大	金钱	产品编辑：第 31 章主题 → 成年后的道路
source-31-12	送外卖、跑网约车、拉同城货运，平台按单给你交职业伤害保障费，自己不缴	31	choices	人生选择	adulthood	成年后的道路	还在读书、刚开始工作、准备换个方向	否	考虑成年后的升学或就业道路	0	少	否	中	金钱	产品编辑：第 31 章主题 → 成年后的道路
source-31-13	高考填志愿那天就能锁定编制的两条路：公费师范生和定向医学生，代价是 6 年履约	31	choices	人生选择	adulthood	成年后的道路	还在读书、刚开始工作、准备换个方向	否	考虑成年后的升学或就业道路	0	多	是	大	金钱	产品编辑：第 31 章主题 → 成年后的道路
source-31-14	想出国打工，先查这家公司有没有对外劳务合作经营资格：它不得向你收押金	31	choices	人生选择	adulthood	成年后的道路	还在读书、刚开始工作、准备换个方向	否	考虑成年后的升学或就业道路	0	少	否	大	自由	产品编辑：第 31 章主题 → 成年后的道路
source-31-15	在家给境外公司远程干活，这笔钱在税法上算境内所得：个税自己报，收汇走「职工报酬」	31	choices	人生选择	adulthood	成年后的道路	还在读书、刚开始工作、准备换个方向	否	考虑成年后的升学或就业道路	0	中	些	中	金钱	产品编辑：第 31 章主题 → 成年后的道路
source-31-16	不进单位自己干，起步钱先看创业担保贷款：个人最高 30 万、财政贴一半利息	31	choices	人生选择	adulthood	成年后的道路	还在读书、刚开始工作、准备换个方向	否	考虑成年后的升学或就业道路	0	中	些	中	金钱	产品编辑：第 31 章主题 → 成年后的道路
source-32-1	交学费之前先查学校在不在留服中心的认证院校名单里	32	choices	人生选择	abroad	出国、留学与境外生活	还在读书、准备换个方向	否	考虑留学或已在境外就读	0	少	否	大	金钱	产品编辑：第 32 章主题 → 出国、留学与境外生活
source-32-2	盯住美国 F-1 新规的官司：「最长四年、读完 30 天内走」原定 2026 年 9 月 15 日生效，前一天被法院暂停，眼下仍是「读完为止」	32	choices	人生选择	abroad	出国、留学与境外生活	还在读书、准备换个方向	否	考虑留学或已在境外就读	0	少	否	大	自由	产品编辑：第 32 章主题 → 出国、留学与境外生活
source-32-3	打工时数是美加英澳四国都写死的红线，超一小时就是违反签证条件	32	choices	人生选择	abroad	出国、留学与境外生活	还在读书、准备换个方向	否	考虑留学或已在境外就读	0	少	些	大	自由	产品编辑：第 32 章主题 → 出国、留学与境外生活
source-32-4	身份的根是「全日制在读」：休学、退学、转学空档期一律不能打工	32	choices	人生选择	abroad	出国、留学与境外生活	还在读书、准备换个方向	否	考虑留学或已在境外就读	0	少	否	大	自由	产品编辑：第 32 章主题 → 出国、留学与境外生活
source-32-5	美国：搬家后 10 天内必须报新地址	32	choices	人生选择	abroad	出国、留学与境外生活	还在读书、准备换个方向	否	考虑留学或已在境外就读	0	少	否	中	自由	产品编辑：第 32 章主题 → 出国、留学与境外生活
source-32-6	出发前和在读期间，看一眼教育部的留学预警	32	choices	人生选择	abroad	出国、留学与境外生活	还在读书、准备换个方向	否	考虑留学或已在境外就读	0	少	否	中	自由	产品编辑：第 32 章主题 → 出国、留学与境外生活
source-32-7	澳大利亚：OSHC 必须覆盖全程且中间不能断，落地拿不出保险可能被拒绝入境	32	choices	人生选择	abroad	出国、留学与境外生活	还在读书、准备换个方向	否	考虑留学或已在境外就读	多	少	否	中	金钱	产品编辑：第 32 章主题 → 出国、留学与境外生活
source-32-8	英国：签证费之外还有一笔按年收的医疗附加费，学生每年 776 英镑，申请时一次付清	32	choices	人生选择	abroad	出国、留学与境外生活	还在读书、准备换个方向	否	考虑留学或已在境外就读	多	少	否	中	金钱	产品编辑：第 32 章主题 → 出国、留学与境外生活
source-32-9	回国前留出认证时间：留服认证要 10 到 20 个工作日	32	choices	人生选择	abroad	出国、留学与境外生活	还在读书、准备换个方向	否	考虑留学或已在境外就读	少	中	否	中	时间	产品编辑：第 32 章主题 → 出国、留学与境外生活
source-32-10	认证被「加强审查」的学校每年都在加，花钱买文凭这条路已经走不通	32	choices	人生选择	abroad	出国、留学与境外生活	还在读书、准备换个方向	否	考虑留学或已在境外就读	0	少	否	中	金钱	产品编辑：第 32 章主题 → 出国、留学与境外生活
source-33-1	脊髓损伤之后突然剧烈头痛、出汗，先扶坐直、松开衣物，同时叫 120	33	health	身体与就医	disability	残疾与康复	还在读书、正在找工作、刚开始工作、工作生活比较稳定、准备换个方向、要照顾家里人、退休或准备退休	否	本人或家人存在残疾、康复需求、原文涉及残疾、功能障碍或康复	0	少	否	大	死亡率	产品编辑：第 33 章主题 → 残疾与康复
source-33-2	致残之后的头十年是自杀的高风险期，别当成「想开点」就行的事	33	health	身体与就医	disability	残疾与康复	还在读书、正在找工作、刚开始工作、工作生活比较稳定、准备换个方向、要照顾家里人、退休或准备退休	否	本人或家人存在残疾、康复需求	0	少	些	大	死亡率	产品编辑：第 33 章主题 → 残疾与康复
source-33-3	精神障碍住院以自愿为原则，只有两种情形可以不经本人同意	33	health	身体与就医	disability	残疾与康复	还在读书、正在找工作、刚开始工作、工作生活比较稳定、准备换个方向、要照顾家里人、退休或准备退休	否	本人或家人存在残疾、康复需求	0	少	否	大	自由	产品编辑：第 33 章主题 → 残疾与康复
source-33-4	长期照护家里残疾人的那个人，自己的身体要有人盯着	33	health	身体与就医	disability	残疾与康复	还在读书、正在找工作、刚开始工作、工作生活比较稳定、准备换个方向、要照顾家里人、退休或准备退休	否	本人或家人存在残疾、康复需求、原文涉及残疾、功能障碍或康复	0	少	些	大	死亡率	产品编辑：第 33 章主题 → 残疾与康复
source-33-5	长期坐轮椅的，坐垫换成减压型，每天看一遍坐骨和尾骨	33	health	身体与就医	disability	残疾与康复	还在读书、正在找工作、刚开始工作、工作生活比较稳定、准备换个方向、要照顾家里人、退休或准备退休	否	本人或家人存在残疾、康复需求、原文涉及残疾、功能障碍或康复	少	少	些	中	死亡率	产品编辑：第 33 章主题 → 残疾与康复
source-33-6	别买「能治好瘫痪、失明、耳聋」的疗法和器械	33	health	身体与就医	disability	残疾与康复	还在读书、正在找工作、刚开始工作、工作生活比较稳定、准备换个方向、要照顾家里人、退休或准备退休	否	本人或家人存在残疾、康复需求、原文涉及残疾、功能障碍或康复	0	少	些	中	金钱	产品编辑：第 33 章主题 → 残疾与康复
source-33-7	残疾人证办下来之后，去县级残联把能申请的东西一次问全	33	health	身体与就医	disability	残疾与康复	还在读书、正在找工作、刚开始工作、工作生活比较稳定、准备换个方向、要照顾家里人、退休或准备退休	否	本人或家人存在残疾、康复需求、原文涉及残疾、功能障碍或康复	0	中	否	中	金钱	产品编辑：第 33 章主题 → 残疾与康复
source-33-8	孩子不满 7 岁又有残疾或者孤独症的，去县级残联申请康复救助	33	health	身体与就医	disability	残疾与康复	要照顾家里人	否	本人或家人存在残疾、康复需求、照顾未成年孩子、原文涉及残疾、功能障碍或康复	0	中	否	大	金钱	产品编辑：第 33 章主题 → 残疾与康复
source-33-9	家里的坡道、扶手和浴室改造，可以向县级以上政府申请补贴	33	health	身体与就医	disability	残疾与康复	还在读书、正在找工作、刚开始工作、工作生活比较稳定、准备换个方向、要照顾家里人、退休或准备退休	否	本人或家人存在残疾、康复需求	0	中	否	中	金钱	产品编辑：第 33 章主题 → 残疾与康复
source-33-10	找工作时主动说明自己持证，企业招你能抵掉一笔钱	33	health	身体与就医	disability	残疾与康复	还在读书、正在找工作、刚开始工作、工作生活比较稳定、准备换个方向、要照顾家里人、退休或准备退休	否	本人或家人存在残疾、康复需求	0	少	些	中	金钱	产品编辑：第 33 章主题 → 残疾与康复
source-33-11	残疾人的个人所得税可以减征，减多少打电话问省税务局	33	health	身体与就医	disability	残疾与康复	还在读书、正在找工作、刚开始工作、工作生活比较稳定、准备换个方向、要照顾家里人、退休或准备退休	否	本人或家人存在残疾、康复需求、原文涉及残疾、功能障碍或康复	0	少	否	小	金钱	产品编辑：第 33 章主题 → 残疾与康复
source-33-12	导盲犬可以带进公共场所和公共交通，盲人免费坐市内公交	33	health	身体与就医	disability	残疾与康复	还在读书、正在找工作、刚开始工作、工作生活比较稳定、准备换个方向、要照顾家里人、退休或准备退休	否	本人或家人存在残疾、康复需求	0	少	些	中	金钱	产品编辑：第 33 章主题 → 残疾与康复
source-33-13	残疾人参加高考可以申请合理便利，用盲文卷的考试时间加一半	33	health	身体与就医	disability	残疾与康复	还在读书、正在找工作、刚开始工作、工作生活比较稳定、准备换个方向、要照顾家里人、退休或准备退休	否	本人或家人存在残疾、康复需求、原文涉及残疾、功能障碍或康复	0	中	否	中	时间	产品编辑：第 33 章主题 → 残疾与康复
source-33-14	残疾孩子申请入学，学校不得拒收；到不了校的由教育局安排送教上门	33	health	身体与就医	disability	残疾与康复	要照顾家里人	否	本人或家人存在残疾、康复需求、照顾未成年孩子、原文涉及残疾、功能障碍或康复	0	中	些	中	金钱	产品编辑：第 33 章主题 → 残疾与康复
source-33-15	右下肢或者双下肢没了也能考驾照，准驾车型叫 C5	33	health	身体与就医	disability	残疾与康复	还在读书、正在找工作、刚开始工作、工作生活比较稳定、准备换个方向、要照顾家里人、退休或准备退休	否	本人或家人存在残疾、康复需求、驾驶或有车辆保险需求	多	多	些	中	自由	产品编辑：第 33 章主题 → 残疾与康复
source-33-16	康复在有康复医学科的正规机构做，强度听治疗师的，不是越猛越好	33	health	身体与就医	disability	残疾与康复	还在读书、正在找工作、刚开始工作、工作生活比较稳定、准备换个方向、要照顾家里人、退休或准备退休	否	本人或家人存在残疾、康复需求	多	多	是	大	死亡率	产品编辑：第 33 章主题 → 残疾与康复
source-33-17	听力下降就去配助听器，配它的理由是听得见，不是防痴呆	33	health	身体与就医	disability	残疾与康复	还在读书、正在找工作、刚开始工作、工作生活比较稳定、准备换个方向、要照顾家里人、退休或准备退休	否	本人或家人存在残疾、康复需求	多	中	些	中	死亡率	产品编辑：第 33 章主题 → 残疾与康复
source-33-18	说一个成年人「管不了自己的事」，要向法院申请认定，家属说了不算	33	health	身体与就医	disability	残疾与康复	还在读书、正在找工作、刚开始工作、工作生活比较稳定、准备换个方向、要照顾家里人、退休或准备退休	否	本人或家人存在残疾、康复需求	少	中	些	中	自由	产品编辑：第 33 章主题 → 残疾与康复
source-33-19	成年人的监护人按法定顺序定；被监护人伤了别人，由监护人赔	33	health	身体与就医	disability	残疾与康复	还在读书、正在找工作、刚开始工作、工作生活比较稳定、准备换个方向、要照顾家里人、退休或准备退休	否	本人或家人存在残疾、康复需求	0	中	些	中	自由	产品编辑：第 33 章主题 → 残疾与康复
source-33-20	因为残疾被拒招、不转正、少发钱，可以告，但先把过程成本算清	33	health	身体与就医	disability	残疾与康复	还在读书、正在找工作、刚开始工作、工作生活比较稳定、准备换个方向、要照顾家里人、退休或准备退休	否	本人或家人存在残疾、康复需求、原文涉及残疾、功能障碍或康复	多	多	是	中	金钱	产品编辑：第 33 章主题 → 残疾与康复
